"","date","R.deaths","R.deaths.q2.5","R.deaths.q97.5","R.cases","R.cases.q2.5","R.cases.q97.5"
"1","2020-02-05",NA,NA,NA,NA,NA,NA
"2","2020-02-06",NA,NA,NA,5,0.126589039921449,18.4443972705697
"3","2020-02-07",NA,NA,NA,5,0.126589039921449,18.4443972705697
"4","2020-02-08",NA,NA,NA,5,0.126589039921449,18.4443972705697
"5","2020-02-09",NA,NA,NA,5,0.126589039921449,18.4443972705697
"6","2020-02-10",NA,NA,NA,5,0.126589039921449,18.4443972705697
"7","2020-02-11",NA,NA,NA,5,0.126589039921449,18.4443972705697
"8","2020-02-12",NA,NA,NA,5,0.126589039921449,18.4443972705697
"9","2020-02-13",NA,NA,NA,5,0.126589039921449,18.4443972705697
"10","2020-02-14",5,0.126589039921449,18.4443972705697,5,0.126589039921449,18.4443972705697
"11","2020-02-15",5,0.126589039921449,18.4443972705697,5,0.126589039921449,18.4443972705697
"12","2020-02-16",5,0.126589039921449,18.4443972705697,5,0.126589039921449,18.4443972705697
"13","2020-02-17",5,0.126589039921449,18.4443972705697,5,0.126589039921449,18.4443972705697
"14","2020-02-18",5,0.126589039921449,18.4443972705697,5,0.126589039921449,18.4443972705697
"15","2020-02-19",5,0.126589039921449,18.4443972705697,5,0.126589039921449,18.4443972705697
"16","2020-02-20",5,0.126589039921449,18.4443972705697,5,0.126589039921449,18.4443972705697
"17","2020-02-21",5,0.126589039921449,18.4443972705697,5,0.126589039921449,18.4443972705697
"18","2020-02-22",5,0.126589039921449,18.4443972705697,5,0.126589039921449,18.4443972705697
"19","2020-02-23",5,0.126589039921449,18.4443972705697,5,0.126589039921449,18.4443972705697
"20","2020-02-24",5,0.126589039921449,18.4443972705697,5,0.126589039921449,18.4443972705697
"21","2020-02-25",5,0.126589039921449,18.4443972705697,5,0.126589039921449,18.4443972705697
"22","2020-02-26",5,0.126589039921449,18.4443972705697,5,0.126589039921449,18.4443972705697
"23","2020-02-27",5,0.126589039921449,18.4443972705697,5,0.126589039921449,18.4443972705697
"24","2020-02-28",5,0.126589039921449,18.4443972705697,5,0.126589039921449,18.4443972705697
"25","2020-02-29",5,0.126589039921449,18.4443972705697,5,0.126589039921449,18.4443972705697
"26","2020-03-01",5,0.126589039921449,18.4443972705697,5,0.126589039921449,18.4443972705697
"27","2020-03-02",5,0.126589039921449,18.4443972705697,5,0.126589039921449,18.4443972705697
"28","2020-03-03",5,0.126589039921449,18.4443972705697,5,0.126589039921449,18.4443972705697
"29","2020-03-04",5,0.126589039921449,18.4443972705697,5,0.126589039921449,18.4443972705697
"30","2020-03-05",5,0.126589039921449,18.4443972705697,5,0.126589039921449,18.4443972705697
"31","2020-03-06",5,0.126589039921449,18.4443972705697,5,0.126589039921449,18.4443972705697
"32","2020-03-07",5,0.126589039921449,18.4443972705697,5,0.126589039921449,18.4443972705697
"33","2020-03-08",5,0.126589039921449,18.4443972705697,5,0.126589039921449,18.4443972705697
"34","2020-03-09",5,0.126589039921449,18.4443972705697,5,0.126589039921449,18.4443972705697
"35","2020-03-10",5,0.126589039921449,18.4443972705697,5,0.126589039921449,18.4443972705697
"36","2020-03-11",5,0.126589039921449,18.4443972705697,5,0.126589039921449,18.4443972705697
"37","2020-03-12",5,0.126589039921449,18.4443972705697,5,0.126589039921449,18.4443972705697
"38","2020-03-13",5,0.126589039921449,18.4443972705697,25,8.1174319505921,51.2079433770185
"39","2020-03-14",5,0.126589039921449,18.4443972705697,41.2790638813011,18.8754165535631,72.298854977044
"40","2020-03-15",5,0.126589039921449,18.4443972705697,59.1202292795069,34.4397122039492,90.3600456080401
"41","2020-03-16",5,0.126589039921449,18.4443972705697,66.9123933714444,45.4637249205642,92.440260134299
"42","2020-03-17",5,0.126589039921449,18.4443972705697,53.566114973324,39.0714918301219,70.3120089264243
"43","2020-03-18",5,0.126589039921449,18.4443972705697,47.5865517652294,37.3002602856424,59.106463302087
"44","2020-03-19",5,0.126589039921449,18.4443972705697,43.3712812507657,35.8995558678384,51.5388393502776
"45","2020-03-20",15,3.09336061447801,36.1234383386198,37.0908187393904,31.7842910466565,42.8009801290712
"46","2020-03-21",14.9998571321832,3.09333115169951,36.1230942801685,31.7463600259398,27.9253296175205,35.8088359232176
"47","2020-03-22",19.9942301470617,5.44775477739954,43.8237188796411,26.876047783682,24.0988458015323,29.8025187086332
"48","2020-03-23",34.9266952560337,14.0423429486108,65.160609912657,22.1203429209975,20.099248770255,24.2368717580011
"49","2020-03-24",44.6186458901479,20.4024861041961,78.1480175461335,18.8462654550683,17.324102701463,20.4316070502813
"50","2020-03-25",58.5071929372122,30.2315203506405,95.9617353912832,16.7488967285115,15.5589768368213,17.982037906532
"51","2020-03-26",75.2574786022992,43.0161515196731,116.367905771065,14.845217113925,13.9038338256296,15.8169995323673
"52","2020-03-27",87.9705577925115,53.7347021105563,130.508076943616,13.428979454694,12.6678573555085,14.2119922769787
"53","2020-03-28",102.393638206367,66.8869240066093,145.339624010293,12.0330511312994,11.4146069036215,12.6675808371945
"54","2020-03-29",97.1023237940061,65.030950207382,135.500587065965,10.7324375128094,10.2266453992701,11.2502661295202
"55","2020-03-30",110.840764154709,79.5412460325537,147.252352486856,9.56863682250134,9.1515552834363,9.99488179231168
"56","2020-03-31",117.093717066879,88.4513354967342,149.691896921891,8.6841142955991,8.33422828011587,9.04109382495218
"57","2020-04-01",183.7678716063,151.981036690584,218.528193538104,7.84991891078291,7.5547401853099,8.15067518556867
"58","2020-04-02",156.780028135554,131.449835758134,184.308966709584,7.05674427421976,6.80662702925877,7.31131135679392
"59","2020-04-03",133.048360201645,112.989207606973,154.722370895517,6.34725146936366,6.13379840500487,6.56430434717339
"60","2020-04-04",109.242047466255,93.6559294638288,126.010180656031,5.73079073184267,5.5470641690758,5.91746880585121
"61","2020-04-05",90.6594421209463,78.5002767462279,103.68129369491,5.13626142612636,4.97769877788089,5.297275440951
"62","2020-04-06",72.9924698350411,63.6651808624067,82.948053364689,4.67649611946382,4.53770438435467,4.81734942447266
"63","2020-04-07",57.7762604934365,50.6829973497207,65.3273183469113,4.2586998258637,4.13648435686272,4.38266978681005
"64","2020-04-08",47.765019476373,42.2369903702329,53.6280761034563,3.86037701928192,3.75241117011722,3.96985280574075
"65","2020-04-09",37.8649774399552,33.6319373421681,42.3452935518399,3.5296891212247,3.4333896073795,3.62730197555751
"66","2020-04-10",30.4294642490075,27.146280827162,33.8973573319624,3.19253853369834,3.10668441111127,3.27954655087558
"67","2020-04-11",24.6104340387213,22.0378218214731,27.3230150645769,2.91485777354204,2.83758333157995,2.99315586374584
"68","2020-04-12",20.7632282293953,18.6875256174744,22.9466682384806,2.67138989776472,2.60138380745914,2.74231255457761
"69","2020-04-13",17.4862263164419,15.7999346191889,19.2567882318665,2.50144024346995,2.43704755710682,2.56666089303918
"70","2020-04-14",14.7446861043824,13.363275532658,16.1930658022384,2.35579275693061,2.29615044246338,2.41618913321809
"71","2020-04-15",11.3272461132609,10.2402756350599,12.4682553304227,2.26992975551154,2.21384259652264,2.32670877154576
"72","2020-04-16",9.67037029849901,8.76117021602509,10.6238106108734,2.29353219009995,2.23933955162861,2.34836374115577
"73","2020-04-17",8.64473181771875,7.86095360259982,9.46522107381488,2.35839917603472,2.30543874485889,2.41195266267118
"74","2020-04-18",7.62258451469578,6.94753704596963,8.32848088645487,2.42566805310265,2.37381693356794,2.47807157916988
"75","2020-04-19",6.64721446771764,6.06577980953095,7.25487822988866,2.42886589081482,2.37873377781404,2.47951351954365
"76","2020-04-20",5.9760536160903,5.4646486297756,6.51000611429562,2.38217238310573,2.33418492637029,2.43064133029499
"77","2020-04-21",5.40732629321854,4.95376993734526,5.88046528935974,2.26211666738913,2.21691093443142,2.30777232774651
"78","2020-04-22",4.85023303935838,4.44789359846156,5.26974367535765,2.120066581576,2.07774374494507,2.16281020868647
"79","2020-04-23",4.4674431660238,4.10409248463251,4.84598524915035,1.9964910153892,1.95673858918768,2.03663763966525
"80","2020-04-24",4.20689255956118,3.87368610224148,4.5536503200665,1.89142727191952,1.85392976669482,1.92929498950055
"81","2020-04-25",3.83287626842727,3.53129618278961,4.14663716552706,1.78317751391112,1.74783877228333,1.81886502771991
"82","2020-04-26",3.54523824416672,3.26922288872695,3.83227982672716,1.68676024486697,1.65334086880731,1.72050936459448
"83","2020-04-27",3.32016920396269,3.06514006817011,3.58524417563887,1.58020666058217,1.54869550979439,1.61203076194679
"84","2020-04-28",3.15959882018035,2.92133744898435,3.40706724400252,1.49133003544023,1.46144784884124,1.52151043947966
"85","2020-04-29",2.90706192306891,2.68767852772565,3.13492953117515,1.4095874725171,1.38116952862494,1.43829078237268
"86","2020-04-30",2.67559316392736,2.47306488389952,2.88597853941008,1.3037011272073,1.27691322168133,1.33076324869982
"87","2020-05-01",2.49686511593267,2.30815220702594,2.69288760809922,1.19345842018037,1.16828344188637,1.2188980310713
"88","2020-05-02",2.34343989072131,2.16672403739447,2.52698451429023,1.07322678309451,1.04972660270582,1.09698349362339
"89","2020-05-03",2.25864149189676,2.0905859499746,2.43310137078993,0.994555092132351,0.972231581803436,1.01712846633307
"90","2020-05-04",2.08134628266658,1.92486590021842,2.24385460519624,0.927661099550637,0.906333808262708,0.949232963739095
"91","2020-05-05",1.96267051130786,1.81500171121482,2.11603224969116,0.905241588566768,0.884347164013384,0.9263765837103
"92","2020-05-06",1.8510228446644,1.7114395411551,1.99600001800117,0.920642400102306,0.899694189938779,0.941828336713349
"93","2020-05-07",1.75648087780007,1.62392685967978,1.89416115668664,0.926950976325334,0.906013313206792,0.948124490582474
"94","2020-05-08",1.62269646092996,1.4983454190545,1.75193388099478,0.951108037298015,0.929947264032796,0.972503556187863
"95","2020-05-09",1.5832811767469,1.46316097540562,1.70807253504453,0.971828018029925,0.950460816270244,0.993429433872128
"96","2020-05-10",1.51069453002055,1.39581790560732,1.63004908143788,0.97557384634393,0.954171622925789,0.997210144295734
"97","2020-05-11",1.39081601697943,1.28279406241059,1.50314241804458,1.00138988842197,0.979699572845712,1.02331439188902
"98","2020-05-12",1.30110724773515,1.19856427704509,1.40779903424652,1.0115940392692,0.98978157150487,1.03364093958563
"99","2020-05-13",1.25949074923067,1.16030939942663,1.36268146416753,1.01044192183881,0.988629067311571,1.03248948748782
"100","2020-05-14",1.21824971827787,1.12223692196765,1.31814712418833,1.00956306600124,0.987747888328216,1.0316132116504
"101","2020-05-15",1.16938890881342,1.07669035871682,1.26586072772198,0.997926643256888,0.976228591830815,1.01985987276191
"102","2020-05-16",1.13869837240068,1.04843268976648,1.23263829465048,0.98782603247261,0.966231052081947,1.00965635781864
"103","2020-05-17",1.09068869999772,1.00342425284488,1.18153967485376,0.970906194980936,0.949491414582128,0.992556465313426
"104","2020-05-18",1.0857226903175,0.99958455263389,1.17537010850807,0.975785333308115,0.954309374340935,0.997496939770342
"105","2020-05-19",1.05935544756205,0.975097722277059,1.1470548462906,0.97893046172148,0.957411185058983,1.00068557416839
"106","2020-05-20",1.02164233783731,0.939622855939035,1.10704479119077,0.961020506734967,0.939690262505936,0.982586805142434
"107","2020-05-21",1.00287907462362,0.922227776565419,1.08686286381185,0.975815574795483,0.954308935585119,0.997558531595927
"108","2020-05-22",0.998644185585165,0.918676090211266,1.0819018476704,0.966456888329802,0.945040473395545,0.988109925721455
"109","2020-05-23",0.977404788429781,0.898734534855241,1.05932859127288,0.969482578079073,0.948017040749081,0.991185080507145
"110","2020-05-24",0.941247594994055,0.864422592821721,1.021296428781,0.980548538679555,0.958943079678242,1.00239134010321
"111","2020-05-25",0.930867796380764,0.854755171417743,1.01018027269439,0.966611779683714,0.945143589010816,0.988317706176453
"112","2020-05-26",0.890128591936711,0.815950198746028,0.967488017064592,0.972295486401467,0.950745534569204,0.994083582523115
"113","2020-05-27",0.854402685402114,0.781918960443279,0.930053283440874,0.963065779631603,0.94159999062716,0.984770135919408
"114","2020-05-28",0.841716414067821,0.769895426945548,0.916694314417596,0.95942595642699,0.937981254345465,0.981109668114717
"115","2020-05-29",0.810125069351117,0.739762574706544,0.883638278469503,0.974970707454507,0.953330832799999,0.996850062856547
"116","2020-05-30",0.772851158399627,0.704193041235737,0.844657210941082,0.97606463510306,0.954390696246795,0.997978541217413
"117","2020-05-31",0.751339273466779,0.683661692072881,0.822165173061696,0.975116465485868,0.953431371191922,0.99704201168888
"118","2020-06-01",0.737164781345227,0.670108904564426,0.807372325750512,0.961529165723616,0.93997535275506,0.983323906341561
"119","2020-06-02",0.715275596294273,0.649183298876712,0.784525757330865,0.943435248452341,0.922065222073103,0.965046682042302
"120","2020-06-03",0.722338151284828,0.655819800701683,0.792023403449285,0.941748325371146,0.9203748430845,0.96336373090102
"121","2020-06-04",0.689805194995869,0.624719894487417,0.758069262528927,0.91236980053993,0.891309376633666,0.933672723399721
"122","2020-06-05",0.649184518891988,0.585949672125815,0.715612934956518,0.894623252333474,0.873741053395915,0.915748624266107
"123","2020-06-06",0.625694814935974,0.563475038581089,0.691126044399434,0.866075199063335,0.845496535298669,0.886897853577352
"124","2020-06-07",0.602500839263744,0.541280826643735,0.666953396308805,0.849618407504712,0.829195415330411,0.870286401890745
"125","2020-06-08",0.591586660911818,0.530715668576322,0.65571466377376,0.843282160310523,0.82288453704375,0.863926032482628
"126","2020-06-09",0.588002769140253,0.527068201657948,0.652222353181102,0.819379286900559,0.799213889123648,0.839792432033805
"127","2020-06-10",0.577921978283372,0.51724348552224,0.641917205045501,0.823517966225612,0.80322978299702,0.844055665926504
"128","2020-06-11",0.575285416749037,0.514433889840359,0.639489328872583,0.810056480042078,0.789854370295964,0.830510143339976
"129","2020-06-12",0.574951503387614,0.513768228985243,0.639526957826602,0.784352474293217,0.764385529317309,0.804573269474394
"130","2020-06-13",0.584250913260275,0.522171934919467,0.649766234893102,0.784583299304353,0.764513137333523,0.80490988334552
"131","2020-06-14",0.570452005653311,0.508710635387157,0.635678407112784,0.777564256835557,0.757474631999887,0.797913153965062
"132","2020-06-15",0.55491128609867,0.493589828274394,0.61977118477335,0.789690462717116,0.769323125752741,0.810320191616253
"133","2020-06-16",0.5393648011999,0.478453060871642,0.603873241960359,0.810036059042301,0.789275613813935,0.831062253657824
"134","2020-06-17",0.510195259138646,0.450502075141178,0.573548300369582,0.818813464581206,0.797802739380467,0.840093471691383
"135","2020-06-18",0.513793792769232,0.453345934222395,0.577969674760266,0.85568072608095,0.83405529096462,0.877579086168943
"136","2020-06-19",0.531899318161777,0.469780601377836,0.597819190651913,0.891842775967264,0.86961546593655,0.914346674591144
"137","2020-06-20",0.510043743777576,0.448654259975159,0.575312341940031,0.934705428614976,0.911801485198715,0.957889529918171
"138","2020-06-21",0.512576241169425,0.450396690414027,0.578717795281329,0.976105321389315,0.952557975643648,0.999936172450087
"139","2020-06-22",0.53034703562839,0.466389417879561,0.598354442998709,1.03270894829251,1.00835741151566,1.05734698858911
"140","2020-06-23",0.538102730003938,0.472955106577672,0.607392763220882,1.0831148243443,1.05806408484188,1.10845458060959
"141","2020-06-24",0.548527856705523,0.48198709073292,0.619308517224243,1.12724531794242,1.10160303453854,1.15317851776546
"142","2020-06-25",0.550304513951688,0.48287920567671,0.622072040204684,1.20432617662751,1.17776297131032,1.2311814870862
"143","2020-06-26",0.538044204265533,0.470609107416023,0.609928645194926,1.28459283043775,1.25713663628474,1.31234149943725
"144","2020-06-27",0.541949843683638,0.473444598842585,0.615016378280676,1.34804079271158,1.319938440682,1.37643504924643
"145","2020-06-28",0.553338436903437,0.48324298845125,0.628111810664887,1.41485870765047,1.38614301198091,1.44386471466056
"146","2020-06-29",0.562600360230102,0.491022315311941,0.638977465746651,1.44687690661139,1.41796881814821,1.47607265321366
"147","2020-06-30",0.574705898136105,0.501428144462685,0.652908149569921,1.47579119823881,1.44678018688423,1.50508619776139
"148","2020-07-01",0.605830822676005,0.529577328185525,0.68713834721033,1.53667897131022,1.50731097447012,1.56632638069796
"149","2020-07-02",0.60536806738145,0.528180740320425,0.687742627950438,1.4956437728492,1.46695154001028,1.52461003480995
"150","2020-07-03",0.604451005495982,0.526349860289179,0.687876018357079,1.5217657040117,1.49313983517711,1.55065960357153
"151","2020-07-04",0.64051379779437,0.559023047645408,0.727468221177494,1.53680019498221,1.50837788157512,1.56548411432357
"152","2020-07-05",0.680889870560703,0.595730855415951,0.771655015509355,1.55345770452069,1.52524858115429,1.58192171794664
"153","2020-07-06",0.668080459143429,0.582710289953598,0.759201239554875,1.53350690729091,1.50586076718944,1.56140103384632
"154","2020-07-07",0.685064943982949,0.597524424913089,0.778502270990366,1.53578546795007,1.50850891903646,1.56330302673147
"155","2020-07-08",0.702169354835991,0.612443161228832,0.797939585379316,1.56560990633666,1.53846710096878,1.59298676799237
"156","2020-07-09",0.758550742728345,0.664074742049128,0.859218472398861,1.55689233224292,1.53022556462313,1.58378625953051
"157","2020-07-10",0.800017502324922,0.701798361537615,0.90457564423745,1.5754853340551,1.54906252103588,1.60212849817365
"158","2020-07-11",0.828724860651044,0.727593141188659,0.936341668024981,1.58710525584568,1.56098963357999,1.61343452559981
"159","2020-07-12",0.836635490483782,0.733920713883671,0.945979413696518,1.60171714814884,1.57588764610631,1.62775370132589
"160","2020-07-13",0.843731696765114,0.739511205224904,0.954722519852672,1.60401509571909,1.57857379846324,1.62965695276422
"161","2020-07-14",0.868145788339093,0.761346172222668,0.981853119221342,1.59767914396294,1.57269390369164,1.62285856356413
"162","2020-07-15",0.862489805607614,0.755068399404359,0.976951351426148,1.58068291253569,1.55623308434203,1.60532067039884
"163","2020-07-16",0.9120506956258,0.800527386301013,1.03074075512405,1.6035038974912,1.57927806592032,1.62791157255991
"164","2020-07-17",0.958045308838711,0.842733813135739,1.08064317430981,1.60146050895171,1.57764598328853,1.62545095919215
"165","2020-07-18",1.01569768991777,0.895978486914026,1.14281500564303,1.59838762085702,1.57498700776357,1.6219584032774
"166","2020-07-19",1.0734073704308,0.949400143138655,1.20491578483657,1.56492905505389,1.54215748067621,1.58786521095932
"167","2020-07-20",1.13895341351945,1.01032871569722,1.27517310868956,1.54834080835587,1.52606364336123,1.57077716030588
"168","2020-07-21",1.14343324004567,1.01385935212008,1.28068606186656,1.51060320513264,1.48895952238265,1.53240089937138
"169","2020-07-22",1.21991097122198,1.08532226573827,1.36225244953464,1.47563928826344,1.45459228708723,1.49683537218429
"170","2020-07-23",1.22983128779537,1.09414810689739,1.37333028707447,1.45067450412939,1.43013420624267,1.47135922892835
"171","2020-07-24",1.26291354650861,1.12492214981735,1.40877263423915,1.40661822802519,1.38670068581069,1.42667582569887
"172","2020-07-25",1.31944813113083,1.1779645546916,1.46883952090485,1.37026999766893,1.35089958083575,1.38977639337673
"173","2020-07-26",1.34501745890168,1.20188787009446,1.49608257156805,1.30620015596962,1.28755300595872,1.32497951014439
"174","2020-07-27",1.40209519218724,1.25574291607548,1.55639784196765,1.26504306885671,1.24693375026168,1.28328113452462
"175","2020-07-28",1.49472288147066,1.34346844608145,1.65392925482275,1.24297412530512,1.22524279356227,1.26083107400074
"176","2020-07-29",1.58886621845823,1.43291155732811,1.75276079277878,1.2169266963377,1.19957984320752,1.23439635058483
"177","2020-07-30",1.61295717504303,1.45604294256881,1.77778556452652,1.20956235443581,1.19244630175284,1.22679868388691
"178","2020-07-31",1.62572024005224,1.46855297383035,1.79076230063742,1.17500110178337,1.1582913071358,1.19182890730053
"179","2020-08-01",1.56112355114171,1.40769466663129,1.72237434701063,1.12299757051911,1.10680375955176,1.13930736079965
"180","2020-08-02",1.53155407536026,1.38024946627339,1.69061449624601,1.09442273657724,1.07856107318409,1.11039857980274
"181","2020-08-03",1.503787076333,1.35464187840352,1.66060904005221,1.06333459866231,1.04780804475091,1.07897376356977
"182","2020-08-04",1.50589479016345,1.35751098027437,1.66186391748285,1.0494133970381,1.03408114691543,1.06485691448243
"183","2020-08-05",1.47753782428865,1.33156956465507,1.63098835665115,1.02460537297719,1.00953309804154,1.0397877828538
"184","2020-08-06",1.45516153466622,1.31140386348564,1.6062881647242,0.997224543032932,0.982418816369295,1.0121394690991
"185","2020-08-07",1.42726622770823,1.28608042994701,1.57569909557219,0.972935652124516,0.958361972061492,0.987617783989902
"186","2020-08-08",1.34935238202433,1.21336478936522,1.49245856442584,0.956979915548393,0.942564301513261,0.97150341537323
"187","2020-08-09",1.35000918261899,1.21522821808931,1.49177601453761,0.94832660359048,0.934002646012382,0.962758053565238
"188","2020-08-10",1.33119280683605,1.19864253405447,1.47059414809462,0.934759137082334,0.920553895484966,0.949071636055574
"189","2020-08-11",1.28020292712206,1.15153258212423,1.41558965011173,0.921408902701845,0.907311796317305,0.935613175697627
"190","2020-08-12",1.19585031480648,1.07280393773843,1.32548050675869,0.91582938643702,0.901772432057821,0.929993549646018
"191","2020-08-13",1.18613255907199,1.06477046084124,1.31394992505848,0.888141517447566,0.874289044179265,0.902101362212392
"192","2020-08-14",1.16684647957896,1.04762421915971,1.29240085550629,0.874718882475039,0.860954027452873,0.888591389354177
"193","2020-08-15",1.16505783505103,1.04700147941059,1.28932976385042,0.884235018597595,0.870369677280212,0.898208410735934
"194","2020-08-16",1.1413919145495,1.02557478849804,1.26331555424037,0.869747444886146,0.855964600912247,0.883638845221252
"195","2020-08-17",1.10033748972432,0.987596019032676,1.21908456111846,0.864484851302032,0.85070604876785,0.87837281200771
"196","2020-08-18",1.11152452626515,0.999046811013953,1.22991556109326,0.854128300026251,0.840389486364892,0.867976963124985
"197","2020-08-19",1.10505110152449,0.993684166494395,1.22224780018115,0.844805257066547,0.831093933770162,0.858627206079243
"198","2020-08-20",1.09086178519454,0.980924847987766,1.20655362943517,0.844836580216754,0.831072052195465,0.858712593496559
"199","2020-08-21",1.09930691439125,0.989555330369899,1.21474706144057,0.842862230335828,0.829056398646021,0.856780484979864
"200","2020-08-22",1.12075106575194,1.0104602633621,1.23667221311503,0.835572240865349,0.821765229330389,0.849492683764329
"201","2020-08-23",1.12245492515745,1.01256278319603,1.23792678190901,0.828981508653694,0.815164557455191,0.842912965927266
"202","2020-08-24",1.09613586109761,0.987987610263888,1.2098201602331,0.833568760075557,0.819644985870288,0.847608179944286
"203","2020-08-25",1.08873585241103,0.981317709973542,1.20165266931098,0.827713073377081,0.813767079939161,0.841775911091099
"204","2020-08-26",1.09685299816287,0.989329822490684,1.20984296746961,0.821189284159538,0.807224632775283,0.835272032658777
"205","2020-08-27",1.06553524604263,0.959855746814992,1.1766542550608,0.836389293735097,0.82221802285896,0.850679968377318
"206","2020-08-28",1.06379722688594,0.958428295610379,1.17458219978217,0.851585998519398,0.837205724498385,0.866087026764702
"207","2020-08-29",1.05977154580178,0.954801357541123,1.17013727999488,0.867917760074296,0.853317640337189,0.882640008242204
"208","2020-08-30",1.05618557986893,0.95157058091351,1.1661778677617,0.89534956166679,0.880436712769217,0.910385912862458
"209","2020-08-31",1.10103285644128,0.99432369517846,1.21310270448814,0.916811614735661,0.90163890284651,0.932109171183547
"210","2020-09-01",1.10066270756425,0.994122773728138,1.21254778781951,0.9574905289078,0.941904633704434,0.973202546833578
"211","2020-09-02",1.0919819477348,0.986017172390217,1.20327704306411,0.981120193400392,0.965269405201298,0.997098278352841
"212","2020-09-03",1.0862274247522,0.980688455489228,1.1970823225995,1.00805495200835,0.991922352501972,1.02431588183706
"213","2020-09-04",1.02174437313496,0.919600455984871,1.12918997449873,1.03408406822872,1.01768891809124,1.05060841387088
"214","2020-09-05",0.985511665098634,0.885373984546636,1.09093682415893,1.05841004105435,1.04177929854115,1.07517065421314
"215","2020-09-06",0.957786923690807,0.859235951630076,1.06161104049714,1.07063869672974,1.05388162893559,1.08752610564262
"216","2020-09-07",0.944042877286305,0.84635199506544,1.04699236952286,1.06867373191754,1.05191520286016,1.08556286649389
"217","2020-09-08",0.908176701157209,0.812541200210029,1.00905606472992,1.05653359134592,1.03986606309811,1.0733318011738
"218","2020-09-09",0.900105784255063,0.805038022093123,1.00040268510665,1.05136299542384,1.03474132355389,1.06811527216717
"219","2020-09-10",0.894873339090754,0.800217004186136,0.994744407523818,1.04287880577062,1.02633660843163,1.05955141782293
"220","2020-09-11",0.876057699647386,0.78254879773717,0.974767688684389,1.03669358318868,1.0202175054749,1.05329980904966
"221","2020-09-12",0.884947422087524,0.791059810125901,0.984023849952117,1.03449053397192,1.01805163927013,1.05105926582778
"222","2020-09-13",0.877716208131586,0.78431432763712,0.976296562604286,1.02275111716825,1.00642697325084,1.03920476604181
"223","2020-09-14",0.83544527780286,0.744451054353477,0.931610143783263,1.02510497244337,1.0087828752085,1.04155624237096
"224","2020-09-15",0.79650388851884,0.707756706718079,0.890416995067504,1.00324788807316,0.987121359139371,1.01950326975013
"225","2020-09-16",0.769065422271399,0.681914906313983,0.861380736952481,0.993721889133936,0.977690459917536,1.00988188029367
"226","2020-09-17",0.769491611661362,0.682292799909914,0.861858084288841,0.977808515252296,0.961921565251641,0.993823782481509
"227","2020-09-18",0.795139143360707,0.706396454237524,0.88905662334752,0.955981532510112,0.940284818901264,0.971806379722983
"228","2020-09-19",0.775005194538195,0.68733219562427,0.867864495357416,0.935534650890065,0.920013701820229,0.951183629116459
"229","2020-09-20",0.769184510001468,0.681719188775481,0.861852317337274,0.933525961044169,0.918022154967808,0.949157789600266
"230","2020-09-21",0.766772568811158,0.67927798126352,0.859490629887259,0.93802206850391,0.922474944942376,0.953697311721395
"231","2020-09-22",0.789975259751331,0.700913427805086,0.884286483917758,0.943356051295585,0.927752977534478,0.959087436659301
"232","2020-09-23",0.791821542132499,0.702399266052566,0.886524001265678,0.942349876837704,0.926738867273117,0.95808946737672
"233","2020-09-24",0.777519470252995,0.68864346408901,0.871711277531826,0.938307610963871,0.922710329648678,0.954033803822159
"234","2020-09-25",0.800393484604782,0.709848417809091,0.89629475066655,0.942923656079067,0.92726490391589,0.958711700788768
"235","2020-09-26",0.787132314172568,0.696999623922724,0.882666020498422,0.939686076058522,0.92402908494693,0.955472779589639
"236","2020-09-27",0.791397067869956,0.700616461061742,0.887627695237743,0.939647596602126,0.923963907650513,0.955461447938306
"237","2020-09-28",0.804869798292713,0.712867455083234,0.902374933309681,0.941345296215739,0.925618949102556,0.957202279705276
"238","2020-09-29",0.836548452501916,0.742235957557366,0.936419818922708,0.952157149363789,0.936310754241935,0.968134672617876
"239","2020-09-30",0.854295959899934,0.758470502513884,0.955739102527884,0.958829834893017,0.94289774482374,0.97489355098813
"240","2020-10-01",0.854578142295831,0.758232979640935,0.956601983866719,0.974679541539324,0.958585973867926,0.990905225968341
"241","2020-10-02",0.827625357847672,0.732352592905996,0.928639376048356,1.01094661146279,0.994526347397319,1.02749945878622
"242","2020-10-03",0.861323022270227,0.763549611513865,0.964901384113038,1.02888478094656,1.01229341304858,1.04560914187959
"243","2020-10-04",0.864626180748476,0.766137335657839,0.968984000150627,1.04840200828606,1.03163324497196,1.06530408599258
"244","2020-10-05",0.880287616598158,0.780361432697331,0.986146564890781,1.06731868340742,1.05038547884522,1.08438541184083
"245","2020-10-06",0.895955660451321,0.794600056386654,1.00330696181145,1.1143671280933,1.09705810528822,1.13180975486023
"246","2020-10-07",0.927536870037224,0.823844724194282,1.03728626549863,1.14930796549303,1.13173378629781,1.1670156700631
"247","2020-10-08",0.965735781476819,0.859362464219878,1.07822601691135,1.18659440435846,1.16875430046518,1.20456776430916
"248","2020-10-09",0.948702425459544,0.842821077376075,1.06075795913627,1.22929337938833,1.21116698511284,1.2475525433845
"249","2020-10-10",0.986695609289242,0.878189598372903,1.10143046954885,1.24807502637796,1.22986006694105,1.26642202861675
"250","2020-10-11",0.991549139547987,0.882332547163171,1.10704615052348,1.28627651840919,1.26785189262592,1.30483221421659
"251","2020-10-12",1.03925701807916,0.926951553479972,1.15789114835306,1.31326288280841,1.29473167412958,1.33192394388649
"252","2020-10-13",1.0398289176388,0.927109059518827,1.15892189929442,1.33215604940657,1.3135961268735,1.35084436828677
"253","2020-10-14",1.05658306234848,0.942583158645992,1.17699652291755,1.38359925127198,1.36480660124895,1.40251862135915
"254","2020-10-15",1.08636063333552,0.970404355635341,1.20876655049137,1.4287982022693,1.40984249852921,1.44787873636919
"255","2020-10-16",1.14639812973866,1.02690959357246,1.27236774690553,1.45679403790449,1.43781445782079,1.47589634344797
"256","2020-10-17",1.21635347207676,1.09292999097189,1.34628451554727,1.50036453501955,1.48128396080979,1.51956552361323
"257","2020-10-18",1.26512569513525,1.13898690728828,1.39779327066254,1.52191842050396,1.50290127441531,1.54105347467555
"258","2020-10-19",1.30963205475654,1.18108553464555,1.44472309366046,1.54345301004411,1.52451972400577,1.56250152284325
"259","2020-10-20",1.35314233142359,1.22232666228231,1.49051246014636,1.55204160512055,1.53328922406315,1.57090638566786
"260","2020-10-21",1.38161446649,1.24935807718276,1.52042907226151,1.57482111445751,1.55617889589648,1.59357279564751
"261","2020-10-22",1.41561079862669,1.28172539781807,1.55605152472055,1.58848250079583,1.5700182552133,1.60705319409623
"262","2020-10-23",1.46871307709884,1.33238069237274,1.61159068710879,1.58939374389072,1.57119134317741,1.60769952648372
"263","2020-10-24",1.48880277089779,1.35170257137547,1.6324302344737,1.61817954136228,1.60008809006714,1.63637128777929
"264","2020-10-25",1.56515668619206,1.4247788646306,1.71203542368051,1.62743522873822,1.60957289673046,1.64539476563752
"265","2020-10-26",1.56006302444746,1.42029161829646,1.70630001320919,1.61570896370641,1.59819480042353,1.63331725130036
"266","2020-10-27",1.6272677727544,1.4849299730904,1.77602657415218,1.61866788516142,1.6014231241518,1.63600372186964
"267","2020-10-28",1.67742397752507,1.53345606405166,1.8277588167159,1.60176679519935,1.58489638149227,1.61872528780354
"268","2020-10-29",1.70393560487085,1.55951938865056,1.85465518368601,1.59761664064247,1.58104955221896,1.61426888293415
"269","2020-10-30",1.74345361498523,1.59816383445958,1.89497393532336,1.61189511150121,1.59553293984773,1.62833959879791
"270","2020-10-31",1.72382861942254,1.58030666505925,1.87349938026065,1.59639115615684,1.58038169394896,1.61248018390354
"271","2020-11-01",1.78814011498041,1.64296015128632,1.93937884142827,1.62151713125277,1.60565311217052,1.6374580567924
"272","2020-11-02",1.80963765727113,1.66472790977777,1.96050841057905,1.62402251526814,1.60841354029685,1.63970582251904
"273","2020-11-03",1.83350664723042,1.68888488465852,1.9839847353555,1.65019919235582,1.63473056220989,1.66573965761687
"274","2020-11-04",1.85949522431957,1.71518734273654,2.00954868395425,1.65725862674028,1.64202083903071,1.67256581841979
"275","2020-11-05",1.89628179763479,1.75197351773713,2.04621975263925,1.68983107511547,1.67470871038133,1.70502047057148
"276","2020-11-06",1.9081647145901,1.76491910777164,2.05691985075177,1.71605518667202,1.70108177608183,1.73109330254653
"277","2020-11-07",1.97629439548137,1.83207703948336,2.12589782140888,1.74928107866099,1.73443222669958,1.76419234786412
"278","2020-11-08",1.99116772171459,1.84806970520597,2.13952585300594,1.76887082083613,1.75421109813584,1.78359070113197
"279","2020-11-09",2.07019047625691,1.92597840946287,2.21953501002052,1.79626497958158,1.78176839745334,1.81081948444621
"280","2020-11-10",2.11073081784472,1.96689377228242,2.25957163041544,1.83999701034197,1.82560683996534,1.85444289277127
"281","2020-11-11",2.11798771083385,1.97573938940788,2.26511059594744,1.86995035584179,1.85573074204276,1.88422349175537
"282","2020-11-12",2.16452151141971,2.02257996413085,2.31120834166634,1.89531175043277,1.88128860407883,1.90938624835863
"283","2020-11-13",2.17630642056135,2.03588961720339,2.32133941427748,1.91681123785359,1.9030062112271,1.93066546800414
"284","2020-11-14",2.184318257881,2.04558208208656,2.32754190018832,1.94564431188937,1.93203800024802,1.95929770753997
"285","2020-11-15",2.16331183402492,2.02721036137763,2.30377252024777,1.95579017010075,1.94245339351366,1.96917194518887
"286","2020-11-16",2.16025449614775,2.02622566994683,2.29851484087729,1.96001838613658,1.94697340317451,1.97310632375079
"287","2020-11-17",2.1560655303307,2.02416237008683,2.29207316532503,1.9367031276642,1.9240398958984,1.94940732171551
"288","2020-11-18",2.18005857994448,2.04943629479072,2.31465910366954,1.90517220360911,1.89291120229242,1.91747223987362
"289","2020-11-19",2.21111599901604,2.0816078913005,2.34447714527737,1.87336546240302,1.8614981501655,1.88526996209641
"290","2020-11-20",2.28572189814421,2.15611773616376,2.41905524893405,1.84543540488886,1.83393803443977,1.85696820686912
"291","2020-11-21",2.32700896538698,2.19835188855497,2.45927308586233,1.80492687247938,1.79382536732939,1.81606215133569
"292","2020-11-22",2.37840336078197,2.25046689234973,2.50982680497131,1.78847565937067,1.77768211732111,1.79930141912938
"293","2020-11-23",2.36572572577215,2.24027745604533,2.49454329311231,1.76881375160942,1.75832476157897,1.77933350348154
"294","2020-11-24",2.37427097558195,2.25072909562643,2.501067096797,1.73732555249854,1.72716272904762,1.74751777662926
"295","2020-11-25",2.42169520275225,2.29905373616731,2.54747859090913,1.71067851436817,1.70081418937115,1.72057096861943
"296","2020-11-26",2.39326712013774,2.27347424957537,2.5160923397924,1.67244209884204,1.66289642182773,1.68201471858782
"297","2020-11-27",2.41703070223512,2.298750829015,2.53823606112591,1.6115435443898,1.60236748028043,1.62074544579959
"298","2020-11-28",2.46197344879996,2.34470559300555,2.58206255558234,1.54777199439999,1.53895948980188,1.55660931135206
"299","2020-11-29",2.49095982354384,2.375115422043,2.60952378945893,1.48531903587572,1.47685187940369,1.49381006128852
"300","2020-11-30",2.51076348888195,2.39657031999921,2.62757702448342,1.43590756201981,1.42773401410571,1.44410411749992
"301","2020-12-01",2.5339669396428,2.42135496745996,2.64910253274429,1.40164381896706,1.39370660012551,1.40960326418361
"302","2020-12-02",2.52518618174447,2.4148688861487,2.63793278172326,1.36980064537008,1.36207967864759,1.37754313247299
"303","2020-12-03",2.49382338625413,2.3862715053034,2.60371267255471,1.33680154822859,1.32928792792276,1.34433605149473
"304","2020-12-04",2.46361425426468,2.35876678882444,2.57070963748529,1.31293049545134,1.30558750841645,1.32029379007333
"305","2020-12-05",2.4297828805337,2.32768036910495,2.53404623543876,1.29703497865713,1.28983053628989,1.30425920872614
"306","2020-12-06",2.38502446118516,2.28585650542296,2.48626861940832,1.26941606409863,1.26237411644285,1.27647732816182
"307","2020-12-07",2.35169803623702,2.25518015137558,2.45020996408028,1.25224163465752,1.24532540777664,1.25917674970714
"308","2020-12-08",2.32048052400293,2.22652523058313,2.41635026090242,1.23778504452014,1.2309801627389,1.24460842452361
"309","2020-12-09",2.26797076413552,2.1769616923915,2.36081734580915,1.21536591090173,1.20868817322437,1.22206179057327
"310","2020-12-10",2.24813703460566,2.15935917417056,2.33867826249312,1.20819368229799,1.20159570125618,1.21480947940305
"311","2020-12-11",2.19663333792341,2.11066118321386,2.28429763324474,1.20916944928232,1.20262436754987,1.21573204797732
"312","2020-12-12",2.14239528454362,2.05921305211054,2.22720146063633,1.21028308045516,1.20378681046845,1.21679659083799
"313","2020-12-13",2.08204950273124,2.00170223276692,2.16395563693124,1.20436010075505,1.19792845587814,1.21080872759766
"314","2020-12-14",2.02781279521708,1.95010407871241,2.10701846809526,1.19230051229033,1.18594721003646,1.19867055283055
"315","2020-12-15",1.95130787756723,1.876588590624,2.02746540208307,1.17688835133032,1.17061991109128,1.18317329905411
"316","2020-12-16",1.90514719903086,1.8327512702064,1.97892582215082,1.15971855224292,1.15353733372404,1.16591605972955
"317","2020-12-17",1.86313087948286,1.79290218692075,1.93468985629646,1.15117302152819,1.14505366368648,1.1573084623314
"318","2020-12-18",1.8075526271783,1.73967184466993,1.8767143544892,1.13434321755801,1.12830542401914,1.14039690053212
"319","2020-12-19",1.74280372983077,1.67736664861587,1.80947540886654,1.10738874945413,1.10145723071208,1.11333597671933
"320","2020-12-20",1.68650415186751,1.62327456770664,1.75092488780903,1.08407138209239,1.07823398815356,1.08992431742205
"321","2020-12-21",1.64049124399142,1.57920141133769,1.70293157996869,1.04998510176713,1.04426843022165,1.05571716286443
"322","2020-12-22",1.59105886555529,1.53170286624227,1.65152740534882,1.01564408408906,1.01004638667445,1.02125703657801
"323","2020-12-23",1.52451985702038,1.46735275091975,1.58276410951103,0.987956685201687,0.982456677608808,0.993471833205619
"324","2020-12-24",1.44426768970335,1.38948909464683,1.50009048693085,0.955757692563423,0.950364784699687,0.961165647895434
"325","2020-12-25",1.38801456484354,1.33510891688538,1.44193380234062,0.920458808571812,0.915178808012982,0.925753786963694
"326","2020-12-26",1.33976583781828,1.28852286016337,1.39199400780963,0.898836310965535,0.89362655034977,0.904061004792745
"327","2020-12-27",1.29793916657594,1.24818105523519,1.34865617996033,0.876708729809672,0.871566817383067,0.881865556682628
"328","2020-12-28",1.26161874287502,1.21318750566295,1.3109846005774,0.856600471156113,0.851516740786159,0.861699123106969
"329","2020-12-29",1.22661935126507,1.17944022891031,1.274710733788,0.846802571978146,0.841742513190691,0.851877585057382
"330","2020-12-30",1.17361033067028,1.12798860115668,1.22012380219117,0.845450393045641,0.840384744398745,0.850531053133109
"331","2020-12-31",1.12128421678064,1.07716769979143,1.16627372699093,0.840135343687782,0.835072362047353,0.845213416094728
"332","2021-01-01",1.06368847496376,1.02114864528521,1.10708424762458,0.830353080623855,0.825303253623149,0.835418097349933
"333","2021-01-02",1.02278352295756,0.981451540465159,1.06495602796528,0.831863795290474,0.826790033531321,0.836952863393213
"334","2021-01-03",0.978427549465185,0.938342099374199,1.01933966396859,0.832785743863375,0.82768733535789,0.837899590845141
"335","2021-01-04",0.933280068856202,0.89443062773436,0.972943816455688,0.833628634362533,0.828503737957548,0.838769114501384
"336","2021-01-05",0.877088662001059,0.839689827766241,0.915290889096028,0.842396101605311,0.8372185807182,0.847589362357659
"337","2021-01-06",0.836106524223556,0.799815875109162,0.87319105023725,0.853136187093474,0.847898610081433,0.858389668407605
"338","2021-01-07",0.792673763192012,0.757528679384173,0.828604566552743,0.872044271809247,0.866720737954005,0.877383879747494
"339","2021-01-08",0.744668294142809,0.710762749370662,0.77935273097104,0.899788084190559,0.894351670738547,0.905240743248143
"340","2021-01-09",0.689586382068476,0.657087953520627,0.722858186530692,0.91591272224937,0.910399389406063,0.92144246932964
"341","2021-01-10",0.639542018240763,0.608343649250279,0.671509550970035,0.929657163083399,0.924075340481774,0.935255561401439
"342","2021-01-11",0.588180673648678,0.558332947283992,0.618794657922054,0.952804582126015,0.947127915038869,0.958497976138207
"343","2021-01-12",0.548615754531963,0.519831974924368,0.578164207467827,0.964519485084737,0.958784500632049,0.970271334447104
"344","2021-01-13",0.514547930353643,0.486688570898261,0.543171726035965,0.964746673690323,0.958990221307643,0.970520113655042
"345","2021-01-14",0.476523202149843,0.449707622035833,0.504104368047496,0.96383529689251,0.958063458828188,0.96962422980011
"346","2021-01-15",0.448127693149777,0.422091693870327,0.474931869507516,0.966444848531616,0.960649467512794,0.972257417669372
"347","2021-01-16",0.415458014882618,0.390337659567006,0.441350645969792,0.962226432377095,0.956430124103798,0.968040009880299
"348","2021-01-17",0.386072908482895,0.361783718839819,0.411140060062548,0.949992383644755,0.94422124993425,0.955780857808646
"349","2021-01-18",0.359463546926457,0.335931346967348,0.383781072627712,0.935005534164272,0.929269542044783,0.940758931285877
"350","2021-01-19",0.338484259140531,0.3155306484931,0.362232337657197,0.913261725993946,0.907582890287286,0.91895802846624
"351","2021-01-20",0.322347767287052,0.299805524944179,0.345695507418318,0.902810150545913,0.897153719983209,0.908484111345471
"352","2021-01-21",0.324973567289931,0.302158861542312,0.348606810874812,0.887946231093159,0.882325629401551,0.893584431952977
"353","2021-01-22",0.325716286514968,0.302668160133988,0.349598124110653,0.850670256737397,0.84515702384467,0.856201166166385
"354","2021-01-23",0.328038194532695,0.304670241715505,0.352257302757356,0.830633925044011,0.82517225620901,0.836113360592554
"355","2021-01-24",0.328334545825203,0.304689734855871,0.352850369957033,0.813943576856136,0.808520890157455,0.819384137461578
"356","2021-01-25",0.329239449953741,0.30526436629903,0.35410796620077,0.789244560226041,0.783886007743158,0.794621113663922
"357","2021-01-26",0.322981635763328,0.298914639240283,0.347967190733248,0.762973421794685,0.757683161826255,0.768281832232598
"358","2021-01-27",0.314830157018832,0.290722756432306,0.339884091758144,0.7565480069031,0.751254838567333,0.761859500563599
"359","2021-01-28",0.315840495166268,0.291309782833844,0.341348704519299,0.742997893486581,0.737723714618536,0.748290599174074
"360","2021-01-29",0.319372814492995,0.294284976476878,0.345472219427782,0.729417345060812,0.724159612188988,0.734693833202175
"361","2021-01-30",0.319516567231824,0.293974202817862,0.346107781982824,0.713217805358035,0.707983636151239,0.718470985516691
"362","2021-01-31",0.318654881608153,0.292669128169722,0.345730078052256,0.69889847092409,0.693678791587508,0.70413744469348
"363","2021-02-01",0.317757917681347,0.291302133825459,0.345347127400832,0.697077418645593,0.691822651166748,0.702351792598826
"364","2021-02-02",0.327318664184826,0.29991498993249,0.355903208336503,0.695098960340263,0.689806408957889,0.700411458529489
"365","2021-02-03",0.334288086290283,0.306009619977149,0.3637983721494,0.683676570372669,0.678379742263049,0.688993712680634
"366","2021-02-04",0.340927434251173,0.311752329567023,0.371388850249016,0.665982632969818,0.660704599188407,0.671281374760306
"367","2021-02-05",0.334311969416326,0.304797931111542,0.365170365222229,0.671115410657759,0.665763542183422,0.676488408243082
"368","2021-02-06",0.330336138234752,0.300353243481053,0.361725002658848,0.660371179154547,0.65500651359883,0.665757422001451
"369","2021-02-07",0.322347259662848,0.292076074332062,0.354089573733044,0.647598370741166,0.642227907026157,0.652990886763718
"370","2021-02-08",0.312196340619435,0.281747809430101,0.344184675270139,0.633216629967549,0.62784618333977,0.638609631725244
"371","2021-02-09",0.306402351976991,0.275564929660985,0.338851729127173,0.634407818402535,0.628969353809026,0.639869370692983
"372","2021-02-10",0.295822911380839,0.264854294404259,0.328479051224135,0.62528843234663,0.619823962082757,0.630776553540056
"373","2021-02-11",0.282618176461202,0.251688660265457,0.315314154986734,0.609779158546905,0.604315767551618,0.615266795092391
"374","2021-02-12",0.261622975905578,0.231235078343618,0.293859607817055,0.606076726962436,0.600560042887546,0.611618284684216
"375","2021-02-13",0.246170149415547,0.216069070767762,0.278205594178599,0.603665354033407,0.598086906243304,0.609269338905487
"376","2021-02-14",0.235071716659827,0.205033250561412,0.267133600796006,0.60254587331663,0.596896954264432,0.608221029135669
"377","2021-02-15",0.220135156295166,0.190466793134038,0.251919513619691,0.599675344723246,0.593961596553885,0.60541606586168
