"","metropolitan_status","date","R.deaths","R.deaths.q2.5","R.deaths.q97.5","R.cases","R.cases.q2.5","R.cases.q97.5"
"1","Non-metro","2020-02-05",NA,NA,NA,NA,NA,NA
"2","Non-metro","2020-02-06",NA,NA,NA,5,0.126589039921449,18.4443972705697
"3","Non-metro","2020-02-07",NA,NA,NA,5,0.126589039921449,18.4443972705697
"4","Non-metro","2020-02-08",NA,NA,NA,5,0.126589039921449,18.4443972705697
"5","Non-metro","2020-02-09",NA,NA,NA,5,0.126589039921449,18.4443972705697
"6","Non-metro","2020-02-10",NA,NA,NA,5,0.126589039921449,18.4443972705697
"7","Non-metro","2020-02-11",NA,NA,NA,5,0.126589039921449,18.4443972705697
"8","Non-metro","2020-02-12",NA,NA,NA,5,0.126589039921449,18.4443972705697
"9","Non-metro","2020-02-13",NA,NA,NA,5,0.126589039921449,18.4443972705697
"10","Non-metro","2020-02-14",5,0.126589039921449,18.4443972705697,5,0.126589039921449,18.4443972705697
"11","Non-metro","2020-02-15",5,0.126589039921449,18.4443972705697,5,0.126589039921449,18.4443972705697
"12","Non-metro","2020-02-16",5,0.126589039921449,18.4443972705697,5,0.126589039921449,18.4443972705697
"13","Non-metro","2020-02-17",5,0.126589039921449,18.4443972705697,5,0.126589039921449,18.4443972705697
"14","Non-metro","2020-02-18",5,0.126589039921449,18.4443972705697,5,0.126589039921449,18.4443972705697
"15","Non-metro","2020-02-19",5,0.126589039921449,18.4443972705697,5,0.126589039921449,18.4443972705697
"16","Non-metro","2020-02-20",5,0.126589039921449,18.4443972705697,5,0.126589039921449,18.4443972705697
"17","Non-metro","2020-02-21",5,0.126589039921449,18.4443972705697,5,0.126589039921449,18.4443972705697
"18","Non-metro","2020-02-22",5,0.126589039921449,18.4443972705697,5,0.126589039921449,18.4443972705697
"19","Non-metro","2020-02-23",5,0.126589039921449,18.4443972705697,5,0.126589039921449,18.4443972705697
"20","Non-metro","2020-02-24",5,0.126589039921449,18.4443972705697,5,0.126589039921449,18.4443972705697
"21","Non-metro","2020-02-25",5,0.126589039921449,18.4443972705697,5,0.126589039921449,18.4443972705697
"22","Non-metro","2020-02-26",5,0.126589039921449,18.4443972705697,5,0.126589039921449,18.4443972705697
"23","Non-metro","2020-02-27",5,0.126589039921449,18.4443972705697,5,0.126589039921449,18.4443972705697
"24","Non-metro","2020-02-28",5,0.126589039921449,18.4443972705697,5,0.126589039921449,18.4443972705697
"25","Non-metro","2020-02-29",5,0.126589039921449,18.4443972705697,5,0.126589039921449,18.4443972705697
"26","Non-metro","2020-03-01",5,0.126589039921449,18.4443972705697,5,0.126589039921449,18.4443972705697
"27","Non-metro","2020-03-02",5,0.126589039921449,18.4443972705697,5,0.126589039921449,18.4443972705697
"28","Non-metro","2020-03-03",5,0.126589039921449,18.4443972705697,5,0.126589039921449,18.4443972705697
"29","Non-metro","2020-03-04",5,0.126589039921449,18.4443972705697,5,0.126589039921449,18.4443972705697
"30","Non-metro","2020-03-05",5,0.126589039921449,18.4443972705697,5,0.126589039921449,18.4443972705697
"31","Non-metro","2020-03-06",5,0.126589039921449,18.4443972705697,5,0.126589039921449,18.4443972705697
"32","Non-metro","2020-03-07",5,0.126589039921449,18.4443972705697,5,0.126589039921449,18.4443972705697
"33","Non-metro","2020-03-08",5,0.126589039921449,18.4443972705697,5,0.126589039921449,18.4443972705697
"34","Non-metro","2020-03-09",5,0.126589039921449,18.4443972705697,5,0.126589039921449,18.4443972705697
"35","Non-metro","2020-03-10",5,0.126589039921449,18.4443972705697,5,0.126589039921449,18.4443972705697
"36","Non-metro","2020-03-11",5,0.126589039921449,18.4443972705697,5,0.126589039921449,18.4443972705697
"37","Non-metro","2020-03-12",5,0.126589039921449,18.4443972705697,5,0.126589039921449,18.4443972705697
"38","Non-metro","2020-03-13",5,0.126589039921449,18.4443972705697,5,0.126589039921449,18.4443972705697
"39","Non-metro","2020-03-14",5,0.126589039921449,18.4443972705697,5,0.126589039921449,18.4443972705697
"40","Non-metro","2020-03-15",5,0.126589039921449,18.4443972705697,5,0.126589039921449,18.4443972705697
"41","Non-metro","2020-03-16",5,0.126589039921449,18.4443972705697,5,0.126589039921449,18.4443972705697
"42","Non-metro","2020-03-17",5,0.126589039921449,18.4443972705697,5,0.126589039921449,18.4443972705697
"43","Non-metro","2020-03-18",5,0.126589039921449,18.4443972705697,5,0.126589039921449,18.4443972705697
"44","Non-metro","2020-03-19",5,0.126589039921449,18.4443972705697,5,0.126589039921449,18.4443972705697
"45","Non-metro","2020-03-20",10,1.21104639271982,27.8582169546945,5,0.126589039921449,18.4443972705697
"46","Non-metro","2020-03-21",9.99995237716762,1.21104062537389,27.8580842859749,5,0.126589039921449,18.4443972705697
"47","Non-metro","2020-03-22",9.99855732866539,1.21087167852826,27.8541979295911,5,0.126589039921449,18.4443972705697
"48","Non-metro","2020-03-23",9.98954067741045,1.20977972023059,27.8290791469046,5,0.126589039921449,18.4443972705697
"49","Non-metro","2020-03-24",14.9373498234759,3.08044064190803,35.9725623527151,10,1.21104639271982,27.8582169546945
"50","Non-metro","2020-03-25",14.8218777799063,3.0566275304646,35.6944792030004,44.0082627902589,20.1233800832653,77.0789526238715
"51","Non-metro","2020-03-26",19.4583977588044,5.30175848589224,42.649271662775,56.240776341671,30.7473557717262,89.3039089157121
"52","Non-metro","2020-03-27",18.9420287646976,5.16106531421944,41.5174846687544,54.7407608863066,33.8853937657748,80.5168242350565
"53","Non-metro","2020-03-28",18.1617281978898,4.94845967202323,39.8072076323348,46.6510308382553,31.697112095774,64.448948975451
"54","Non-metro","2020-03-29",17.0931570397664,4.65730999589962,37.4650938479051,42.1590402087478,31.1894900352425,54.7560204760955
"55","Non-metro","2020-03-30",27.5729175553341,11.0857429129051,51.441114362705,37.2075362693729,29.2159187309358,46.1506894986289
"56","Non-metro","2020-03-31",31.9943303350382,14.6298451477169,56.0369647827309,33.2171981127983,27.3004970613817,39.7055561729503
"57","Non-metro","2020-04-01",37.7616129152864,19.511976425644,61.9354599769223,28.1272012367656,23.819871614814,32.7872202115073
"58","Non-metro","2020-04-02",43.8415613765033,25.0592403845576,67.7906140076482,23.9063147522479,20.7230564253377,27.3136806292063
"59","Non-metro","2020-04-03",44.7183846564219,26.9233887666172,66.9546255924733,19.7050295367304,17.3560177882884,22.2009577113434
"60","Non-metro","2020-04-04",37.9591660174435,22.8538976037774,56.8343818326067,16.3939447596124,14.6251220418359,18.2622802376535
"61","Non-metro","2020-04-05",33.5436988276525,20.4893626847454,49.7635088082322,13.5649272440222,12.2160160508238,14.9834620408138
"62","Non-metro","2020-04-06",32.03682500348,20.3085989013829,46.3952624930424,11.5414898458775,10.4822450061098,12.6509863993271
"63","Non-metro","2020-04-07",26.3456994631686,16.7009134992544,38.153457529694,9.83144659806701,8.98764510714199,10.7125648860709
"64","Non-metro","2020-04-08",29.9107461521032,20.45892822594,41.1291692189389,8.43639297502842,7.7532300823981,9.1479883640705
"65","Non-metro","2020-04-09",26.5728911931841,18.5089923486991,36.0720104903079,7.58617817129829,7.01324919614179,8.18128144668159
"66","Non-metro","2020-04-10",24.0244471352115,17.0837304503385,32.1299068456605,6.57704747694015,6.10077970250321,7.07096067665532
"67","Non-metro","2020-04-11",20.533300163427,14.7350507064329,27.2785628684688,5.82011898440461,5.4164937933625,6.23804256325575
"68","Non-metro","2020-04-12",17.5823703227443,12.7244485833088,23.2135532560871,5.17488638589586,4.82918299071165,5.53237099527908
"69","Non-metro","2020-04-13",16.115880997588,11.8825784410001,20.9842322502249,4.82928088109618,4.52352786392265,5.14489103848778
"70","Non-metro","2020-04-14",13.5971510128374,10.059247172676,17.6599342771803,4.66837159613435,4.39127328888575,4.95382786424462
"71","Non-metro","2020-04-15",11.5480272982977,8.5711684461269,14.9617624190217,4.6927487633879,4.43525904093065,4.95740124684651
"72","Non-metro","2020-04-16",9.87556866728037,7.3530095307915,12.7644177775704,5.14263417868219,4.89176434665624,5.39968894870953
"73","Non-metro","2020-04-17",8.34175837899257,6.21098702574096,10.7819298853939,5.72963191371084,5.48283009872343,5.98179073273622
"74","Non-metro","2020-04-18",7.79589124910067,5.8889324691641,9.96622003730668,6.02324471483983,5.7877430227139,6.26337690002416
"75","Non-metro","2020-04-19",7.16409444603712,5.466958793707,9.08714054072314,5.91104245084795,5.69456381518014,6.13150296280906
"76","Non-metro","2020-04-20",6.5022492671384,4.99650686959041,8.20327915314048,5.40735733312736,5.21576368956571,5.60235847627729
"77","Non-metro","2020-04-21",6.11417341692331,4.74789489799026,7.65059610893581,4.72058628085878,4.55509012802446,4.88899419695206
"78","Non-metro","2020-04-22",5.13106236874592,3.96004560993832,6.45144821625452,4.0763369750851,3.9339318272824,4.22123861483152
"79","Non-metro","2020-04-23",4.74832123623151,3.68725723564232,5.94152070880749,3.48722095525501,3.36480646746869,3.61179205684524
"80","Non-metro","2020-04-24",4.47958272018059,3.50499759163009,5.57190651303002,3.03594573943751,2.92923448824208,3.14453943727827
"81","Non-metro","2020-04-25",4.29775649365066,3.39172221538167,5.30942230459531,2.66205168846169,2.56814681445979,2.75761914756483
"82","Non-metro","2020-04-26",4.13244882227251,3.286659184714,5.07361929177741,2.35068419893506,2.26725704732884,2.43559760155113
"83","Non-metro","2020-04-27",3.57066113968807,2.82245945787149,4.40549949879191,2.07237964127977,1.99788730933431,2.14821636509718
"84","Non-metro","2020-04-28",3.55442694138936,2.83914999610071,4.34885038559343,1.81990682583572,1.75315090726562,1.88789263087056
"85","Non-metro","2020-04-29",3.26376342951683,2.60697830648457,3.99322284097701,1.58506916212307,1.52517618353215,1.64609946042953
"86","Non-metro","2020-04-30",3.01120947354336,2.40524717656099,3.68422243474301,1.30316231339021,1.25070220839649,1.35668505790884
"87","Non-metro","2020-05-01",3.02020341444613,2.43471021981969,3.66783465764817,1.00563043004876,0.960904340767173,1.05135962596452
"88","Non-metro","2020-05-02",2.93221279909831,2.37510178135246,3.54713977886683,0.74674457140319,0.709155340937286,0.785290834212073
"89","Non-metro","2020-05-03",2.79536800859156,2.26941487045714,3.37531484949549,0.567372511728955,0.535242446172139,0.60042586824536
"90","Non-metro","2020-05-04",2.59277206029635,2.10256347825538,3.13357702737813,0.470384939182569,0.441522080165565,0.500148696232278
"91","Non-metro","2020-05-05",2.46250694068325,1.99918216585951,2.97339606746868,0.439671962113181,0.411967141281664,0.468265586839758
"92","Non-metro","2020-05-06",2.29803332224348,1.8635502168327,2.77736116375326,0.43213235968434,0.404714865345575,0.460435705915299
"93","Non-metro","2020-05-07",2.06055598957227,1.6610989519202,2.50240716781776,0.443534768611377,0.415674156767509,0.472286288658379
"94","Non-metro","2020-05-08",1.91050112907093,1.53626851951167,2.32491341410618,0.461908959084659,0.433279826427254,0.491441014248978
"95","Non-metro","2020-05-09",1.81504323855239,1.45950910287948,2.20874947849169,0.486199455927881,0.456528170680782,0.516791685419777
"96","Non-metro","2020-05-10",1.65147700536979,1.32096843402845,2.01833181194503,0.51637030884237,0.485401626775782,0.548283098441553
"97","Non-metro","2020-05-11",1.57607256731459,1.26065461668027,1.92617722814288,0.550893441950599,0.518435105647329,0.584323371179246
"98","Non-metro","2020-05-12",1.41986970908474,1.12758150096793,1.74533408380221,0.585936874282795,0.551924536857954,0.620951805702947
"99","Non-metro","2020-05-13",1.36126735855653,1.08104277565668,1.67329882654347,0.630807041690431,0.594917188586517,0.667733206113298
"100","Non-metro","2020-05-14",1.29208990532239,1.0245469364737,1.59020042255548,0.669447896052257,0.631838612890895,0.708129082839241
"101","Non-metro","2020-05-15",1.13596896239021,0.890418330426839,1.41096812643792,0.701096644468566,0.661953167799651,0.74134864514898
"102","Non-metro","2020-05-16",1.03723711182638,0.807032384885077,1.29588801714606,0.737113028642617,0.696309671449349,0.779061779734778
"103","Non-metro","2020-05-17",0.975612571330301,0.756086342308395,1.22269275198009,0.759287583819894,0.71722270778518,0.802534249448055
"104","Non-metro","2020-05-18",0.91942355839992,0.709591691633512,1.15602053717996,0.798692436169964,0.75490319651529,0.843698795887605
"105","Non-metro","2020-05-19",0.868161601903685,0.667119212077731,1.09527821494727,0.837326881910418,0.791867952718263,0.884036649644737
"106","Non-metro","2020-05-20",0.84828686384579,0.651846917651946,1.07020411863287,0.869294184207255,0.822390627788434,0.917480152502798
"107","Non-metro","2020-05-21",0.923733606517506,0.720095663436362,1.15234337071012,0.906250387844662,0.857815597221301,0.955996577336887
"108","Non-metro","2020-05-22",0.972910189211123,0.76525558136414,1.20511432033315,0.950365234197155,0.900266215249395,1.00180168721664
"109","Non-metro","2020-05-23",0.984876871158366,0.777249424963571,1.21671091294576,0.982314736851047,0.930943966698235,1.03504567276182
"110","Non-metro","2020-05-24",0.961357287225218,0.757440199028695,1.18921350417933,0.991796425886629,0.939817215514184,1.04515498030953
"111","Non-metro","2020-05-25",1.01623849110152,0.807040051496192,1.24918199496948,0.993473394379729,0.941159387005842,1.04718239223721
"112","Non-metro","2020-05-26",0.998228115913052,0.79153281350453,1.22853894701362,1.01122464882821,0.958208016190273,1.06564867865647
"113","Non-metro","2020-05-27",0.99529131665106,0.78920411433699,1.22492457048444,1.01056620989563,0.957391007600993,1.065158303092
"114","Non-metro","2020-05-28",0.994573376627523,0.788634832548891,1.22404098759745,1.05312604065243,0.998696017472054,1.10897993281581
"115","Non-metro","2020-05-29",1.04552107094333,0.833948552520882,1.28065113990732,1.10481672791,1.04896002443475,1.16210193519827
"116","Non-metro","2020-05-30",1.04833426864591,0.836192469183315,1.28409700527026,1.11402803656192,1.0578944209548,1.17159230096101
"117","Non-metro","2020-05-31",1.07741004829082,0.861788968099226,1.31674311413598,1.08731708142224,1.03187616729539,1.14418827907291
"118","Non-metro","2020-06-01",1.10753721870818,0.888277235693885,1.35061871449138,1.05378811799722,0.999266241249844,1.10973781615939
"119","Non-metro","2020-06-02",1.10042786776947,0.881397611318134,1.34339855122521,1.01938347577537,0.965841970284981,1.074348964818
"120","Non-metro","2020-06-03",1.15685086666418,0.93142415445766,1.40634011868044,1.00124259645111,0.948267051632759,1.05563772034039
"121","Non-metro","2020-06-04",1.06023506902585,0.844471314295517,1.30017547687832,0.964580431443148,0.912674962804723,1.01790116622646
"122","Non-metro","2020-06-05",0.98782838117789,0.779578710514516,1.22035719052176,0.904725655750413,0.854542432074005,0.956320515010389
"123","Non-metro","2020-06-06",0.93985836155902,0.736698924745463,1.16738241574458,0.859393873823866,0.81054027616146,0.909656868452985
"124","Non-metro","2020-06-07",0.916550726784201,0.715833721820281,1.14169675044188,0.83845600770894,0.790212881681826,0.88810835359892
"125","Non-metro","2020-06-08",0.840502747590675,0.648682276015883,1.05679088695743,0.825652293053252,0.777746317242042,0.874969763872745
"126","Non-metro","2020-06-09",0.802251646639903,0.615081737292468,1.01390441813751,0.782874153768769,0.736165730612303,0.83099891048593
"127","Non-metro","2020-06-10",0.802057185314936,0.614932644909675,1.01365865336112,0.747216533924654,0.701480907797665,0.79437605769025
"128","Non-metro","2020-06-11",0.762493264533946,0.580445201327078,0.968992591788586,0.675496475446315,0.631888956331122,0.720538404609699
"129","Non-metro","2020-06-12",0.735548656090908,0.557097369076717,0.938413723991678,0.590309369747408,0.549397468374541,0.632669616091154
"130","Non-metro","2020-06-13",0.721421385290203,0.544953961521065,0.922260718586881,0.548943707039711,0.509275320964087,0.59007861185549
"131","Non-metro","2020-06-14",0.668840428762777,0.499522023358175,0.862490073055096,0.545018726931911,0.505190474845409,0.586336625495319
"132","Non-metro","2020-06-15",0.642398551077521,0.476800586680718,0.832299253480504,0.536157780955813,0.49629389841144,0.577539656959982
"133","Non-metro","2020-06-16",0.629331163029744,0.465582658926637,0.817373210549309,0.529994370029088,0.489937428773366,0.571602872060058
"134","Non-metro","2020-06-17",0.539804980718034,0.389043949529925,0.714870542208258,0.507107528462696,0.467466793182347,0.548338499430232
"135","Non-metro","2020-06-18",0.528004207226378,0.378904935142785,0.70145548192468,0.502090521244783,0.462122273920749,0.543692781379535
"136","Non-metro","2020-06-19",0.478156641351687,0.336666402482915,0.644079250851726,0.527769021186,0.486174445977229,0.571046483388833
"137","Non-metro","2020-06-20",0.428664237493289,0.29507273698529,0.586808244084906,0.552845719829643,0.509594527635479,0.597833452576186
"138","Non-metro","2020-06-21",0.444727469281472,0.307986700764758,0.606193223169905,0.589264394579151,0.543859371189145,0.63646381974165
"139","Non-metro","2020-06-22",0.435475619829773,0.299761379173947,0.596132500598666,0.631910562408332,0.584078268223466,0.681598513004164
"140","Non-metro","2020-06-23",0.48022948284041,0.336346825857706,0.649330654581162,0.679908619720082,0.629430655687628,0.732305833850111
"141","Non-metro","2020-06-24",0.445912507975313,0.306945652741351,0.610419794640757,0.72062067120014,0.667772607960945,0.7754526490381
"142","Non-metro","2020-06-25",0.480075128419449,0.334389916931413,0.651689533614774,0.78078399746325,0.724862897120917,0.838753430709319
"143","Non-metro","2020-06-26",0.418596382860236,0.282425221709884,0.581135090070877,0.843684215249565,0.784645915065778,0.904833538026602
"144","Non-metro","2020-06-27",0.455178755372914,0.311341931718823,0.625899600076749,0.906347111180603,0.844277501217626,0.97058706568407
"145","Non-metro","2020-06-28",0.464992031983415,0.318054205655908,0.639393476566928,0.985396926073731,0.919838875830824,1.05317962847267
"146","Non-metro","2020-06-29",0.446222506760868,0.301064451495646,0.619488288184067,1.03885675033414,0.97080963646908,1.10917609168027
"147","Non-metro","2020-06-30",0.411861297915,0.271419190536706,0.581121404602851,1.09349987440068,1.02306275207754,1.16624866743283
"148","Non-metro","2020-07-01",0.454467621579813,0.304364098767825,0.634182861134975,1.15855603208684,1.08555254299018,1.23390156071001
"149","Non-metro","2020-07-02",0.499888815627627,0.339650197212345,0.690602290943684,1.18621402710018,1.11201106693461,1.26277963948171
"150","Non-metro","2020-07-03",0.531715707596803,0.363693150381773,0.731142753942265,1.24677958269294,1.17050445804053,1.32542818590829
"151","Non-metro","2020-07-04",0.58284797334567,0.403639165010842,0.794460688815333,1.2875486858839,1.20999713102609,1.36747496346308
"152","Non-metro","2020-07-05",0.601929109623326,0.416853406574317,0.820469551098081,1.31824149115693,1.23988578533675,1.39896400490846
"153","Non-metro","2020-07-06",0.603839886151638,0.415655593173759,0.82661018183636,1.34266645406689,1.26384587187332,1.42383754632742
"154","Non-metro","2020-07-07",0.567703204864392,0.383026968373902,0.788139283092056,1.37214692854152,1.29284887717311,1.45377183633969
"155","Non-metro","2020-07-08",0.587291112343682,0.396242847294954,0.81533306890429,1.41995459124199,1.33978038041827,1.50242569628146
"156","Non-metro","2020-07-09",0.627835587279759,0.426583820981797,0.867362264080653,1.46007708733535,1.37938400624301,1.54303155024595
"157","Non-metro","2020-07-10",0.670320825065823,0.458498948125045,0.921733563747034,1.53008113792612,1.44818203270907,1.61420114886207
"158","Non-metro","2020-07-11",0.671303363188866,0.456118065794564,0.927413508850685,1.56325428851065,1.48129576581276,1.64738850945318
"159","Non-metro","2020-07-12",0.648698987453726,0.434443892837984,0.905221319064899,1.58373745255239,1.50216992970677,1.66743107763602
"160","Non-metro","2020-07-13",0.71557984933876,0.48620178997991,0.988581996350575,1.63704624896491,1.55513238723019,1.72103291635477
"161","Non-metro","2020-07-14",0.761332356167462,0.520750768025246,1.04688017976654,1.6701455335295,1.58851819968157,1.75378919720098
"162","Non-metro","2020-07-15",0.685673552298885,0.455625095941877,0.961989768650015,1.73271496639302,1.65076845166052,1.81661863759299
"163","Non-metro","2020-07-16",0.704705210113919,0.468271494346533,0.988690900751622,1.80728036402442,1.72488044464692,1.89157585676767
"164","Non-metro","2020-07-17",0.671478883596989,0.438632300267281,0.953110859056955,1.81687385730245,1.73564313344017,1.89993618473629
"165","Non-metro","2020-07-18",0.661469350157223,0.428068086731365,0.944845401975638,1.85219343556449,1.77164031839199,1.93451227691168
"166","Non-metro","2020-07-19",0.703648119650689,0.459646313295492,0.998772530569398,1.86695527284331,1.78761398968471,1.9479951449546
"167","Non-metro","2020-07-20",0.773884098093849,0.514240363011995,1.08574784894534,1.86745741184509,1.78968572616421,1.94685999576166
"168","Non-metro","2020-07-21",0.789182845238318,0.524406269385544,1.10721176304382,1.87523106670566,1.79890789515798,1.95311768403023
"169","Non-metro","2020-07-22",0.832426432915085,0.557489046555147,1.16160217327553,1.86813497643893,1.7935797047314,1.94418716499276
"170","Non-metro","2020-07-23",0.817581897595484,0.543277233434704,1.14705520999515,1.84973866499832,1.77716779120746,1.92374144228718
"171","Non-metro","2020-07-24",0.860527846980151,0.576309004589304,1.20081604534802,1.81322429861276,1.74296176386516,1.88485578633285
"172","Non-metro","2020-07-25",0.813497481815241,0.536099966507437,1.14781554291833,1.78993069788906,1.72166648525421,1.85950351034781
"173","Non-metro","2020-07-26",0.917110114704982,0.618770343183815,1.27321900268771,1.75502049138375,1.68891624206191,1.82237594720233
"174","Non-metro","2020-07-27",0.867927844860738,0.576731749765555,1.21768982321567,1.70425652350344,1.64053762492168,1.76917241766457
"175","Non-metro","2020-07-28",1.00516998570586,0.687535526123254,1.38217235456655,1.67121697814899,1.60946606473233,1.73411405873723
"176","Non-metro","2020-07-29",1.17706859332924,0.828764916182173,1.58551694618205,1.62590238885259,1.56626273811204,1.68664081855953
"177","Non-metro","2020-07-30",1.35239268264298,0.974685690878466,1.7909906815485,1.58310694225875,1.52544325243374,1.64182543790119
"178","Non-metro","2020-07-31",1.56341367994827,1.15273782987715,2.03569607942149,1.54782704689155,1.49191410729944,1.60475416322095
"179","Non-metro","2020-08-01",1.6132249159577,1.19347267375473,2.095251127477,1.4906968267756,1.43684763103177,1.54552276604327
"180","Non-metro","2020-08-02",1.72895573692256,1.29126684163197,2.22954100218763,1.44176987822484,1.38975046019681,1.49473169976926
"181","Non-metro","2020-08-03",1.84469942548826,1.38968006182118,2.36317018966119,1.40200633934386,1.35156797503347,1.45335577169486
"182","Non-metro","2020-08-04",1.92557317016564,1.45841031477789,2.45664821010872,1.35725278551778,1.30840786126378,1.40698030107486
"183","Non-metro","2020-08-05",1.93562796469163,1.46602571796114,2.46947612719751,1.32801776425189,1.2804108205621,1.37648152342084
"184","Non-metro","2020-08-06",1.97492778949342,1.49964547043995,2.51463167701545,1.28534050469751,1.23914637718213,1.33236817145864
"185","Non-metro","2020-08-07",2.00833540254208,1.52883795999609,2.55223517033886,1.25646109960668,1.21136602544836,1.30236875936306
"186","Non-metro","2020-08-08",2.03457165053969,1.55259250978994,2.58070837394561,1.22360771596341,1.17962475534512,1.26838445405135
"187","Non-metro","2020-08-09",2.01894914466351,1.54067089198844,2.56089234449982,1.18289599698841,1.14011429431583,1.22645464521333
"188","Non-metro","2020-08-10",2.09501598528999,1.60986780609996,2.64308553110713,1.15608240497983,1.11419845427906,1.19872833163899
"189","Non-metro","2020-08-11",2.19279854222382,1.6993887511602,2.74813892616586,1.12771983598711,1.08671472861131,1.16947369642073
"190","Non-metro","2020-08-12",2.1495372776698,1.66586186534354,2.69392146713951,1.10247052027579,1.06224355674746,1.14343463995682
"191","Non-metro","2020-08-13",2.03673126397103,1.57190619035174,2.56084711812754,1.08009320970456,1.04055115427457,1.1203623350119
"192","Non-metro","2020-08-14",1.98277662242374,1.53026513708827,2.49300822805886,1.04784341507617,1.00913288978632,1.08727232049051
"193","Non-metro","2020-08-15",1.95457152569834,1.51166547637649,2.45351546744596,1.02771640512862,0.989578116279601,1.06656570862347
"194","Non-metro","2020-08-16",1.83601310660071,1.41395381447474,2.31235429356231,1.01032569725902,0.972675791883866,1.04868050695073
"195","Non-metro","2020-08-17",1.69236606963042,1.29452594575591,2.14269894909371,0.994375067541259,0.957156250173333,1.03229384782372
"196","Non-metro","2020-08-18",1.76886266533426,1.36803825722457,2.22040066179452,0.976026157388105,0.939256498088103,1.01349191685086
"197","Non-metro","2020-08-19",1.83712731468283,1.43481167457166,2.2884082943019,0.953718599714463,0.917449589472119,0.990680850517081
"198","Non-metro","2020-08-20",1.84843331276921,1.45141771963742,2.29272025051423,0.947455732968928,0.911356231994855,0.98424657494891
"199","Non-metro","2020-08-21",1.80917276507402,1.42302914644926,2.24096738971895,0.930041274611758,0.894304072316144,0.966468811160006
"200","Non-metro","2020-08-22",1.88829466607894,1.49957853190595,2.32113201646786,0.925072887145159,0.889436598873294,0.961399337441235
"201","Non-metro","2020-08-23",1.89440274215103,1.51104981871194,2.32044011221153,0.923316976617701,0.887699677732325,0.959625031863688
"202","Non-metro","2020-08-24",1.83485164989094,1.46354953529199,2.24749641331812,0.922818174464572,0.887178277305065,0.95915009463679
"203","Non-metro","2020-08-25",1.71588477932647,1.36266019521477,2.10920211204899,0.922700403472514,0.887016060359252,0.959078604030749
"204","Non-metro","2020-08-26",1.76899360420083,1.41496654422037,2.1619532423864,0.919511330083218,0.883830899322392,0.95588791818136
"205","Non-metro","2020-08-27",1.7996846490573,1.44715898322429,2.19005941325406,0.917890254728693,0.882173644186582,0.954305705565179
"206","Non-metro","2020-08-28",1.84860513432723,1.49563194581809,2.23841162042152,0.926277575746541,0.890320356674383,0.962936635853972
"207","Non-metro","2020-08-29",1.83836120827996,1.49078709831866,2.2218098299126,0.931660512732828,0.895515800356064,0.968510298735209
"208","Non-metro","2020-08-30",1.84713739516923,1.50290470859802,2.22633526595252,0.932748834008304,0.896497306721592,0.969708805824235
"209","Non-metro","2020-08-31",1.89129873221259,1.54689498604543,2.26979997039469,0.930137405181542,0.893850247582724,0.967136447048427
"210","Non-metro","2020-09-01",1.84499348207093,1.50902187903609,2.21422775770796,0.943742025148645,0.907099595500327,0.981099814791046
"211","Non-metro","2020-09-02",1.83451446210936,1.50342887345382,2.19805601873845,0.942982662058505,0.906267741226327,0.980416394122477
"212","Non-metro","2020-09-03",1.82360389023541,1.49736854816093,2.18151058480484,0.948180051140847,0.911277471322758,0.985804822801563
"213","Non-metro","2020-09-04",1.76308485503395,1.4462926795567,2.11078065267457,0.962443082995227,0.925177766214216,1.00043387109418
"214","Non-metro","2020-09-05",1.65638312474752,1.3533850419276,1.98953043450829,0.956192916048283,0.918971070221747,0.994143349754857
"215","Non-metro","2020-09-06",1.63115183642837,1.33412059886382,1.9575904784238,0.948076738528322,0.910940856581409,0.985944145825792
"216","Non-metro","2020-09-07",1.60573081796696,1.31464082633088,1.92549699027101,0.936206654001681,0.899236299264406,0.973911339572412
"217","Non-metro","2020-09-08",1.53586262900979,1.25491106344994,1.8447697262701,0.91171037206552,0.875163942637534,0.948993892963016
"218","Non-metro","2020-09-09",1.42503738611994,1.15820006910083,1.71912206782666,0.896894083640945,0.860579214404464,0.933948908680819
"219","Non-metro","2020-09-10",1.31874751137386,1.06568222645059,1.59836804209881,0.881848140150941,0.845767222764661,0.918672134352483
"220","Non-metro","2020-09-11",1.18969385065947,0.952896004257498,1.45237415571548,0.887190673610385,0.850915111954059,0.92421281759509
"221","Non-metro","2020-09-12",1.14662096648368,0.917148769008127,1.40132836568255,0.885121852644315,0.848794871992258,0.922199342499142
"222","Non-metro","2020-09-13",1.14453814673373,0.917953061941046,1.39574058037607,0.889831675979379,0.853303304408823,0.927114888165042
"223","Non-metro","2020-09-14",1.06655472818203,0.850725821287547,1.30641511336301,0.910189835829719,0.873128346985643,0.948010850373667
"224","Non-metro","2020-09-15",1.02987706414089,0.820291332861633,1.26294719172581,0.918491763943524,0.881141054046712,0.956606906782818
"225","Non-metro","2020-09-16",0.971326765519333,0.770201715707575,1.19543092675343,0.928543779638938,0.890866130342708,0.966990847400195
"226","Non-metro","2020-09-17",0.892441243422773,0.701961650872,1.10543987968381,0.931643687606876,0.893782838096481,0.970278895357587
"227","Non-metro","2020-09-18",0.887865072595784,0.699536692792582,1.09830252316245,0.923445360081987,0.885637513453508,0.962032374614075
"228","Non-metro","2020-09-19",0.850418368630178,0.667761331073295,1.05482378060297,0.933537709880768,0.895408989006887,0.972450273664683
"229","Non-metro","2020-09-20",0.781687465830907,0.608199506739097,0.976613166433928,0.93726546971403,0.898950865017378,0.97636844510197
"230","Non-metro","2020-09-21",0.761092273278701,0.591017930763588,0.952346161522062,0.949140848727603,0.910476475690418,0.988597949314982
"231","Non-metro","2020-09-22",0.753653311397712,0.58524128578598,0.943037872577608,0.975554870231884,0.936249421822058,1.01565718885406
"232","Non-metro","2020-09-23",0.737013856127961,0.571175615286056,0.923667372149375,1.00135420254425,0.961432994613697,1.04207609159575
"233","Non-metro","2020-09-24",0.7222506176767,0.558588575387837,0.906619705927138,1.02926601397842,0.98870384309341,1.07063217943911
"234","Non-metro","2020-09-25",0.731065944804209,0.566566065707356,0.916213113892887,1.04413791102135,1.00321457813773,1.08586787464665
"235","Non-metro","2020-09-26",0.708771631320356,0.547014981567062,0.891161156891394,1.06699788243146,1.02557803419947,1.10922619555351
"236","Non-metro","2020-09-27",0.655235269063019,0.50001353878473,0.831118995158952,1.08105771863954,1.03933919261382,1.12358565011508
"237","Non-metro","2020-09-28",0.657582529909156,0.501804746092306,0.834096327375222,1.08832165790599,1.04646184165026,1.13099087970195
"238","Non-metro","2020-09-29",0.65020914720863,0.49496932879388,0.826299557076661,1.10245416556085,1.06034443832647,1.14537238186583
"239","Non-metro","2020-09-30",0.643906825630707,0.488945448830888,0.819872255275101,1.14260028823421,1.0997703884357,1.18623688815744
"240","Non-metro","2020-10-01",0.638550891099469,0.483632209109959,0.814663876703213,1.17312989306118,1.12979867129002,1.21726509784256
"241","Non-metro","2020-10-02",0.600057318438785,0.449484108263061,0.772048257563551,1.20990953164412,1.16599970886639,1.25461959226946
"242","Non-metro","2020-10-03",0.618752711115865,0.464826080109087,0.794355932849615,1.24955594695741,1.20506104932807,1.29484620210839
"243","Non-metro","2020-10-04",0.615400321510475,0.460977070421574,0.791788936367552,1.28367348693555,1.23874240893054,1.32939379359426
"244","Non-metro","2020-10-05",0.624328826936881,0.467665133672184,0.803276567374267,1.32272141875243,1.27732020409064,1.3689044065017
"245","Non-metro","2020-10-06",0.657964323975791,0.495668773885368,0.842891614100555,1.37836853517922,1.33227434016014,1.42523567159579
"246","Non-metro","2020-10-07",0.75393358164413,0.578036553920535,0.952838916084313,1.42403121165188,1.37748375350569,1.47134132059185
"247","Non-metro","2020-10-08",0.816473875134756,0.63146083587991,1.02489535689565,1.4657927125513,1.41892628291027,1.51340998204194
"248","Non-metro","2020-10-09",0.793424898681071,0.60968947727049,1.00098991341768,1.52114941464399,1.47382145265659,1.56921489115627
"249","Non-metro","2020-10-10",0.872366267636849,0.677426541391106,1.09158205331176,1.55008898830451,1.50278836959343,1.59811229732309
"250","Non-metro","2020-10-11",0.92825056967931,0.724971396189601,1.15627060022856,1.5809388981059,1.53370139130054,1.62888287602508
"251","Non-metro","2020-10-12",0.999528274629254,0.786192394090881,1.23808533479364,1.61103699518177,1.56393632709631,1.65882670081693
"252","Non-metro","2020-10-13",1.03248643187993,0.813481874896689,1.27720133189764,1.62914923827859,1.58241635709677,1.67655271023894
"253","Non-metro","2020-10-14",1.07992798719294,0.853638259703102,1.33242052947244,1.66461779718858,1.61805272511174,1.71183423229894
"254","Non-metro","2020-10-15",1.15638576780471,0.919707918545463,1.41975409559807,1.69931557498216,1.65298073577074,1.74628195786145
"255","Non-metro","2020-10-16",1.29161872193159,1.03861398013428,1.57178744719703,1.72091433902808,1.67503354181287,1.76740640460985
"256","Non-metro","2020-10-17",1.38573931066061,1.12114585376515,1.67794350359547,1.73810134916747,1.69276853846181,1.78402484037794
"257","Non-metro","2020-10-18",1.48025148330498,1.20439168736792,1.78413153692796,1.74867734209748,1.70400623397446,1.79391838979224
"258","Non-metro","2020-10-19",1.60420259617079,1.314682741274,1.92210377438761,1.75147414492479,1.70758244283468,1.79591505878141
"259","Non-metro","2020-10-20",1.71203085309475,1.4109557353308,2.04178774120917,1.73535270623256,1.69248456642689,1.77874951294442
"260","Non-metro","2020-10-21",1.74090574078865,1.43603255745805,2.07468876208794,1.74269848795179,1.70056158466105,1.78534388899831
"261","Non-metro","2020-10-22",1.74969498484745,1.44328259996648,2.08516316368752,1.74705551821838,1.70568446345533,1.78891540937618
"262","Non-metro","2020-10-23",1.92214813451126,1.59997917800125,2.27342938020019,1.72893184553726,1.68858393862151,1.76974950173373
"263","Non-metro","2020-10-24",1.96535183583834,1.63964595714345,2.32012709295468,1.73469484585436,1.6950758143783,1.77476519036385
"264","Non-metro","2020-10-25",2.138831326237,1.79922419330358,2.50736356392784,1.71613337834233,1.67750639348064,1.7551939255374
"265","Non-metro","2020-10-26",2.16586953890622,1.8254383938202,2.53497726698637,1.70631852675162,1.66856275051691,1.74449083124271
"266","Non-metro","2020-10-27",2.18437322597485,1.84442733757125,2.55264670551222,1.70696883691941,1.66994777180482,1.74439013626193
"267","Non-metro","2020-10-28",2.23850140986708,1.89678495812883,2.6081020448372,1.68320730552756,1.64716449028773,1.71963478500172
"268","Non-metro","2020-10-29",2.28261019697463,1.94056566527413,2.65200909449458,1.67895666815419,1.6436574664706,1.71462568738412
"269","Non-metro","2020-10-30",2.38740329727103,2.04102398613716,2.76053138939411,1.67635871087026,1.64176422922378,1.71130887246627
"270","Non-metro","2020-10-31",2.29999040778192,1.96438074440873,2.66167794863801,1.67087119074548,1.63699053750365,1.70509405574168
"271","Non-metro","2020-11-01",2.3835476597887,2.04624169470249,2.74620947246901,1.68415446344763,1.65077986004811,1.7178584370744
"272","Non-metro","2020-11-02",2.42879388791979,2.09314295370133,2.78903897279005,1.68430347537272,1.65155242898101,1.71737161212205
"273","Non-metro","2020-11-03",2.4262451768968,2.09600523449402,2.7802899645713,1.69459695282084,1.6623584195579,1.72714079928714
"274","Non-metro","2020-11-04",2.44127947990523,2.11543116365366,2.79012716379615,1.70404261574445,1.67231653788389,1.73606267874249
"275","Non-metro","2020-11-05",2.56597962748622,2.23736589614235,2.91678126690273,1.71331671851486,1.68209821802375,1.74481827548449
"276","Non-metro","2020-11-06",2.49488950636211,2.17677914890358,2.83437789008828,1.7250056908995,1.69426816662929,1.75601570256395
"277","Non-metro","2020-11-07",2.53182126529047,2.21714265977339,2.86707738870427,1.73409075550947,1.70385426410008,1.76458949180626
"278","Non-metro","2020-11-08",2.46640511663197,2.16174671091104,2.79085462470652,1.749878187051,1.72008249394338,1.77992618541046
"279","Non-metro","2020-11-09",2.52133235928612,2.2190342270097,2.84265361754305,1.75948583381164,1.73018320844975,1.78903110527974
"280","Non-metro","2020-11-10",2.58630516759492,2.28590197775732,2.90498424159414,1.77583994315018,1.74697402407852,1.80493911470248
"281","Non-metro","2020-11-11",2.54856245208541,2.25621862711819,2.8584571605789,1.79591998904324,1.76746293665848,1.82460115247427
"282","Non-metro","2020-11-12",2.5178563707775,2.23302212654752,2.81954000309552,1.80566576549189,1.77770181409052,1.83384492186395
"283","Non-metro","2020-11-13",2.433673259726,2.15930087123118,2.72421742742323,1.82062508253654,1.7931148691606,1.84834182360578
"284","Non-metro","2020-11-14",2.45003181025175,2.1801670956577,2.73541489374468,1.82047770631475,1.79353517630742,1.84761831371338
"285","Non-metro","2020-11-15",2.40564078658249,2.14362552228065,2.68254476818987,1.82337429236174,1.79697314620628,1.84996530301768
"286","Non-metro","2020-11-16",2.30017169435937,2.04924536082707,2.56538065218038,1.81827714695278,1.79246966516483,1.84426653315123
"287","Non-metro","2020-11-17",2.24975472507529,2.00663897484367,2.50657059496685,1.80560687740139,1.78043731902687,1.83095065057749
"288","Non-metro","2020-11-18",2.23427212336881,1.99687184275976,2.48481354907396,1.7852091718068,1.76071794851239,1.80986721239787
"289","Non-metro","2020-11-19",2.18982328523589,1.9595649892797,2.43268731857243,1.7601897556758,1.73639135049864,1.78414789671192
"290","Non-metro","2020-11-20",2.26698140582478,2.0372661461831,2.50879099104753,1.75009271007975,1.72686748783807,1.77347092507198
"291","Non-metro","2020-11-21",2.31656448962458,2.08889006547052,2.55584591444228,1.73322782261468,1.71060209885263,1.75600013980961
"292","Non-metro","2020-11-22",2.28884883251267,2.06701972201343,2.52182184449982,1.72433445299152,1.70223695662898,1.74657248227967
"293","Non-metro","2020-11-23",2.23260011981273,2.01783028800048,2.45807490610437,1.70185317526875,1.68035185697162,1.72348929122374
"294","Non-metro","2020-11-24",2.18943368598035,1.98086455599271,2.40829243507652,1.67697596913086,1.65606516043598,1.69801615373751
"295","Non-metro","2020-11-25",2.2103599773367,2.00471205950817,2.42590478783743,1.6374983419156,1.61724723937334,1.65787370491549
"296","Non-metro","2020-11-26",2.20782732021342,2.00610228825212,2.41907767049259,1.59367703887008,1.57408875790883,1.6133847715465
"297","Non-metro","2020-11-27",2.18435636763199,1.98738559061606,2.39050049038323,1.53501782153756,1.51615871711548,1.55399188089226
"298","Non-metro","2020-11-28",2.20750207236297,2.01302026141,2.41082330832854,1.47752397109784,1.4593604901832,1.49579823271233
"299","Non-metro","2020-11-29",2.24519359450217,2.0524958380165,2.44641333530961,1.41431665286541,1.39685700908075,1.43188323556609
"300","Non-metro","2020-11-30",2.25229707587654,2.06266801498456,2.4501456899979,1.37252868904749,1.3556128266803,1.38954798798892
"301","Non-metro","2020-12-01",2.29040914116361,2.10246444597573,2.48628466786105,1.33190696741338,1.31550053355716,1.34841366880493
"302","Non-metro","2020-12-02",2.27931174075956,2.095058099322,2.47121992627231,1.29473325804927,1.27878915128349,1.31077477967067
"303","Non-metro","2020-12-03",2.24721296091971,2.06741665729083,2.43439880799881,1.26399379496727,1.24844822485505,1.27963422222465
"304","Non-metro","2020-12-04",2.20738878202619,2.0322608598384,2.38965144174236,1.23024178410128,1.21509126334303,1.24548487477373
"305","Non-metro","2020-12-05",2.14957852009209,1.97974516195745,2.32630098744674,1.21015727464464,1.19529728502242,1.22510779430132
"306","Non-metro","2020-12-06",2.12118096936576,1.95536766830268,2.29364607007121,1.18089920364161,1.16636813211913,1.19551898780396
"307","Non-metro","2020-12-07",2.09540158193941,1.93343187380475,2.26379340896059,1.16765528146602,1.15333803126562,1.18205962766593
"308","Non-metro","2020-12-08",2.05880831553553,1.90103699771803,2.22277926236025,1.15334831327699,1.13923692340312,1.16754536096993
"309","Non-metro","2020-12-09",2.00620439965465,1.85317785980236,2.16521508792367,1.13986931613313,1.12594595414755,1.15387705368363
"310","Non-metro","2020-12-10",2.00646079105093,1.85606074105436,2.16263657802768,1.13356628613001,1.11977594211474,1.14743985942037
"311","Non-metro","2020-12-11",1.99543158365948,1.84803824537746,2.1483994893776,1.13663825001116,1.12291461044232,1.15044408911465
"312","Non-metro","2020-12-12",1.98008799159331,1.83579734001231,2.12975956886042,1.13791160138589,1.12425832330008,1.15164614419535
"313","Non-metro","2020-12-13",1.89799128290214,1.75919377771705,2.04198387810628,1.13808150449119,1.124499503942,1.15174390890065
"314","Non-metro","2020-12-14",1.85158674137043,1.71684960337895,1.99134120509666,1.12812356589923,1.11466890711153,1.14165782409773
"315","Non-metro","2020-12-15",1.74293839409297,1.61447402194997,1.87625050438646,1.11978953280475,1.10644863085456,1.13320927579669
"316","Non-metro","2020-12-16",1.70719464684246,1.58217246962462,1.83690321782916,1.10939665269208,1.09617834434598,1.12269308486665
"317","Non-metro","2020-12-17",1.68968705218352,1.56733070692983,1.81657662404495,1.1010809188983,1.08796946460182,1.11426981929945
"318","Non-metro","2020-12-18",1.65182362755984,1.53278673009262,1.77524866460216,1.08713584365974,1.07416159348518,1.10018690131971
"319","Non-metro","2020-12-19",1.5957256551252,1.48057279864585,1.71512954769603,1.06121534789456,1.0484469886584,1.07405991688864
"320","Non-metro","2020-12-20",1.55592338397847,1.44395143689952,1.67201714683673,1.04138437074362,1.02878176122885,1.05406264071547
"321","Non-metro","2020-12-21",1.50795551480726,1.39936102314886,1.62055034428743,1.01052835522882,0.998154712180806,1.02297716690957
"322","Non-metro","2020-12-22",1.4629684353678,1.35754118470186,1.57228212377517,0.977852389302112,0.965715246855361,0.990064277377022
"323","Non-metro","2020-12-23",1.4049090536413,1.30303282048435,1.51056519524047,0.955133423719184,0.943165808578667,0.967175443988271
"324","Non-metro","2020-12-24",1.3213351185426,1.22387506766659,1.42247568131831,0.931910467762947,0.920109321558296,0.943785771419695
"325","Non-metro","2020-12-25",1.26539579149518,1.17124327714145,1.36313631265721,0.897111120667066,0.885544657052017,0.908751593408063
"326","Non-metro","2020-12-26",1.19073416177751,1.1005332964408,1.28443714319671,0.879556348228592,0.868107098346461,0.891079566743097
"327","Non-metro","2020-12-27",1.14563259730711,1.05818006557745,1.23650773521383,0.856613564728171,0.845309603424854,0.867991567042136
"328","Non-metro","2020-12-28",1.11400846525285,1.02870581005954,1.20266037729257,0.834096552032166,0.822928569882243,0.845338762720392
"329","Non-metro","2020-12-29",1.09160362780296,1.00801657189212,1.17847258060959,0.82135088946559,0.810246192043711,0.832530120274815
"330","Non-metro","2020-12-30",1.04224488802173,0.961360489979682,1.12634967580974,0.815902053892945,0.804803256365595,0.827075805962938
"331","Non-metro","2020-12-31",0.972414880208513,0.895007088606733,1.05298731703732,0.812480849566227,0.801366370857857,0.823670814165205
"332","Non-metro","2021-01-01",0.906065435036631,0.831980780999796,0.98326468248545,0.803571719290209,0.792472539019899,0.81474701743032
"333","Non-metro","2021-01-02",0.872072589411765,0.799929511975802,0.947285836578206,0.813527222281083,0.802306458409407,0.824824828031399
"334","Non-metro","2021-01-03",0.829021046380199,0.759156900611279,0.901916468820453,0.813216876383435,0.80193999119108,0.824571406531853
"335","Non-metro","2021-01-04",0.808803684001105,0.740188375577492,0.880416851230137,0.819576345398453,0.808192388022311,0.831038816107528
"336","Non-metro","2021-01-05",0.769888759529633,0.703287691136019,0.839459667206861,0.841636003690032,0.830032154898375,0.853319286008652
"337","Non-metro","2021-01-06",0.743793664843806,0.678600875333561,0.811933652306367,0.859494598063005,0.847698000681634,0.871371581535594
"338","Non-metro","2021-01-07",0.711588250983649,0.648037966838878,0.778068437201471,0.87700056041781,0.865013136663589,0.889069332789685
"339","Non-metro","2021-01-08",0.674794523214674,0.61307116505913,0.739435820251067,0.912235989529084,0.899938284592326,0.924615994226852
"340","Non-metro","2021-01-09",0.631763081456847,0.572154237822362,0.694283221882467,0.928513250279035,0.916037497637242,0.941072216344067
"341","Non-metro","2021-01-10",0.6007543340291,0.542676127198588,0.661742522987404,0.943894217673065,0.931251087018483,0.956621415200683
"342","Non-metro","2021-01-11",0.564660171135284,0.508360982994254,0.623873335636959,0.966829639223198,0.953974423390924,0.97976970009256
"343","Non-metro","2021-01-12",0.549493915628797,0.493889366458807,0.608021776927223,0.977491599547825,0.964513183078416,0.990555551029018
"344","Non-metro","2021-01-13",0.51812939952803,0.464046468951072,0.575150306326513,0.979057792200925,0.966024029964187,0.992177684040611
"345","Non-metro","2021-01-14",0.493560913940019,0.44063669384582,0.549443179511492,0.975889285048315,0.962838977998979,0.989026223457251
"346","Non-metro","2021-01-15",0.472624379883248,0.420650310433521,0.52758205038535,0.978963326359102,0.96586089085633,0.992152812968613
"347","Non-metro","2021-01-16",0.447320055814116,0.396542349395222,0.501112509287077,0.964214837646842,0.951185765411597,0.977331311143105
"348","Non-metro","2021-01-17",0.42540861612933,0.375635525647092,0.478233351590686,0.947925293349751,0.934985146866199,0.960953139669775
"349","Non-metro","2021-01-18",0.388901898362579,0.341059042922901,0.439839191881506,0.925630241920578,0.91282407466838,0.938524379295457
"350","Non-metro","2021-01-19",0.368506056333301,0.321622078082645,0.418533443334164,0.889370701411901,0.876799687739748,0.902029953381084
"351","Non-metro","2021-01-20",0.351357130573033,0.305227544627008,0.400685502155101,0.865827608824807,0.853403832148769,0.878339921855232
"352","Non-metro","2021-01-21",0.346129423106553,0.299930005689267,0.395589736262469,0.844218374649784,0.831926513947834,0.85659912926168
"353","Non-metro","2021-01-22",0.344681472608831,0.298113562719012,0.394579444669842,0.799726410645001,0.787734584478396,0.811807570460578
"354","Non-metro","2021-01-23",0.356212534689225,0.308321520499272,0.407510266182969,0.776977160211761,0.765121652054409,0.788922550869322
"355","Non-metro","2021-01-24",0.361364692703557,0.31254280993796,0.413677818801927,0.755422143114071,0.74368884031947,0.767246009423407
"356","Non-metro","2021-01-25",0.363412126273501,0.313823665816543,0.416584729713672,0.733141169724916,0.721530355303343,0.74484337576651
"357","Non-metro","2021-01-26",0.354271654462615,0.304670023440197,0.407559182397852,0.709988601404803,0.698502088138295,0.721567492509116
"358","Non-metro","2021-01-27",0.348921634920316,0.299001941011476,0.402638401372558,0.702663295367403,0.691165565458084,0.714254557178017
"359","Non-metro","2021-01-28",0.351776964593144,0.300883365220922,0.406588744816917,0.694086914086227,0.68257955606826,0.705689128615455
"360","Non-metro","2021-01-29",0.365721035646906,0.312958897807775,0.422532855393063,0.682523682104158,0.671023959436961,0.694119753358951
"361","Non-metro","2021-01-30",0.363068182424215,0.309627119607236,0.420701074583622,0.663990381854736,0.652551874511182,0.675526894016601
"362","Non-metro","2021-01-31",0.362575124583717,0.308243973842842,0.421251306555962,0.649192961944046,0.637779009935194,0.660706740470284
"363","Non-metro","2021-02-01",0.364399892946228,0.308947220751748,0.424362105759773,0.651824382981583,0.640274200230538,0.663476383778378
"364","Non-metro","2021-02-02",0.386049974925946,0.327846812222758,0.448938771693022,0.652141445172535,0.640467155510571,0.663919711595577
"365","Non-metro","2021-02-03",0.396360379246774,0.336232085836973,0.461361896267811,0.646419011446614,0.634668064336283,0.65827625262742
"366","Non-metro","2021-02-04",0.399166497017974,0.337647583608909,0.465757743925993,0.63944289636912,0.627621492815039,0.651373062841271
"367","Non-metro","2021-02-05",0.38784306910487,0.326049321156033,0.454919640063221,0.648773316324421,0.636723829800099,0.660934182865033
"368","Non-metro","2021-02-06",0.377971806756274,0.3157944522195,0.445653754588263,0.64000485044842,0.627890964652989,0.652232872634839
"369","Non-metro","2021-02-07",0.3606329482558,0.298754495937622,0.428248670451167,0.630446946938432,0.618273771859989,0.642737148077087
"370","Non-metro","2021-02-08",0.344352249451064,0.282749028216828,0.411935991747572,0.617971276827842,0.605765727859191,0.630296876867327
"371","Non-metro","2021-02-09",0.322737202880334,0.262013661605651,0.389694548273625,0.635454642242123,0.622915290535367,0.648117213992461
"372","Non-metro","2021-02-10",0.3089173021635,0.248405991090435,0.375925441090253,0.632212857366424,0.619539710347954,0.645012533221203
"373","Non-metro","2021-02-11",0.296851583159152,0.236440628974329,0.364031675589315,0.619904594142866,0.607187407383161,0.632751750971505
"374","Non-metro","2021-02-12",0.264506938295454,0.206582113301736,0.329481722174612,0.61863821210134,0.605761330928007,0.631648640898675
"375","Non-metro","2021-02-13",0.240510475515734,0.184398002468241,0.303962771226585,0.622246616594868,0.609154354049008,0.635476146586285
"376","Non-metro","2021-02-14",0.234202000223223,0.1778393978105,0.298204203573824,0.622918097582845,0.609636691843364,0.636340633243107
"377","Non-metro","2021-02-15",0.21851132326044,0.163194707777512,0.281776996511535,0.615534342017203,0.60214738393352,0.629066433270938
"378","Metro","2020-02-05",NA,NA,NA,NA,NA,NA
"379","Metro","2020-02-06",NA,NA,NA,5,0.126589039921449,18.4443972705697
"380","Metro","2020-02-07",NA,NA,NA,5,0.126589039921449,18.4443972705697
"381","Metro","2020-02-08",NA,NA,NA,5,0.126589039921449,18.4443972705697
"382","Metro","2020-02-09",NA,NA,NA,5,0.126589039921449,18.4443972705697
"383","Metro","2020-02-10",NA,NA,NA,5,0.126589039921449,18.4443972705697
"384","Metro","2020-02-11",NA,NA,NA,5,0.126589039921449,18.4443972705697
"385","Metro","2020-02-12",NA,NA,NA,5,0.126589039921449,18.4443972705697
"386","Metro","2020-02-13",NA,NA,NA,5,0.126589039921449,18.4443972705697
"387","Metro","2020-02-14",5,0.126589039921449,18.4443972705697,5,0.126589039921449,18.4443972705697
"388","Metro","2020-02-15",5,0.126589039921449,18.4443972705697,5,0.126589039921449,18.4443972705697
"389","Metro","2020-02-16",5,0.126589039921449,18.4443972705697,5,0.126589039921449,18.4443972705697
"390","Metro","2020-02-17",5,0.126589039921449,18.4443972705697,5,0.126589039921449,18.4443972705697
"391","Metro","2020-02-18",5,0.126589039921449,18.4443972705697,5,0.126589039921449,18.4443972705697
"392","Metro","2020-02-19",5,0.126589039921449,18.4443972705697,5,0.126589039921449,18.4443972705697
"393","Metro","2020-02-20",5,0.126589039921449,18.4443972705697,5,0.126589039921449,18.4443972705697
"394","Metro","2020-02-21",5,0.126589039921449,18.4443972705697,5,0.126589039921449,18.4443972705697
"395","Metro","2020-02-22",5,0.126589039921449,18.4443972705697,5,0.126589039921449,18.4443972705697
"396","Metro","2020-02-23",5,0.126589039921449,18.4443972705697,5,0.126589039921449,18.4443972705697
"397","Metro","2020-02-24",5,0.126589039921449,18.4443972705697,5,0.126589039921449,18.4443972705697
"398","Metro","2020-02-25",5,0.126589039921449,18.4443972705697,5,0.126589039921449,18.4443972705697
"399","Metro","2020-02-26",5,0.126589039921449,18.4443972705697,5,0.126589039921449,18.4443972705697
"400","Metro","2020-02-27",5,0.126589039921449,18.4443972705697,5,0.126589039921449,18.4443972705697
"401","Metro","2020-02-28",5,0.126589039921449,18.4443972705697,5,0.126589039921449,18.4443972705697
"402","Metro","2020-02-29",5,0.126589039921449,18.4443972705697,5,0.126589039921449,18.4443972705697
"403","Metro","2020-03-01",5,0.126589039921449,18.4443972705697,5,0.126589039921449,18.4443972705697
"404","Metro","2020-03-02",5,0.126589039921449,18.4443972705697,5,0.126589039921449,18.4443972705697
"405","Metro","2020-03-03",5,0.126589039921449,18.4443972705697,5,0.126589039921449,18.4443972705697
"406","Metro","2020-03-04",5,0.126589039921449,18.4443972705697,5,0.126589039921449,18.4443972705697
"407","Metro","2020-03-05",5,0.126589039921449,18.4443972705697,5,0.126589039921449,18.4443972705697
"408","Metro","2020-03-06",5,0.126589039921449,18.4443972705697,5,0.126589039921449,18.4443972705697
"409","Metro","2020-03-07",5,0.126589039921449,18.4443972705697,5,0.126589039921449,18.4443972705697
"410","Metro","2020-03-08",5,0.126589039921449,18.4443972705697,5,0.126589039921449,18.4443972705697
"411","Metro","2020-03-09",5,0.126589039921449,18.4443972705697,5,0.126589039921449,18.4443972705697
"412","Metro","2020-03-10",5,0.126589039921449,18.4443972705697,5,0.126589039921449,18.4443972705697
"413","Metro","2020-03-11",5,0.126589039921449,18.4443972705697,5,0.126589039921449,18.4443972705697
"414","Metro","2020-03-12",5,0.126589039921449,18.4443972705697,5,0.126589039921449,18.4443972705697
"415","Metro","2020-03-13",5,0.126589039921449,18.4443972705697,25,8.1174319505921,51.2079433770185
"416","Metro","2020-03-14",5,0.126589039921449,18.4443972705697,41.2790638813011,18.8754165535631,72.298854977044
"417","Metro","2020-03-15",5,0.126589039921449,18.4443972705697,59.1202292795069,34.4397122039492,90.3600456080401
"418","Metro","2020-03-16",5,0.126589039921449,18.4443972705697,66.9123933714444,45.4637249205642,92.440260134299
"419","Metro","2020-03-17",5,0.126589039921449,18.4443972705697,53.566114973324,39.0714918301219,70.3120089264243
"420","Metro","2020-03-18",5,0.126589039921449,18.4443972705697,47.5865517652294,37.3002602856424,59.106463302087
"421","Metro","2020-03-19",5,0.126589039921449,18.4443972705697,43.3712812507657,35.8995558678384,51.5388393502776
"422","Metro","2020-03-20",10,1.21104639271982,27.8582169546945,37.0908187393904,31.7842910466565,42.8009801290712
"423","Metro","2020-03-21",9.99995237716762,1.21104062537389,27.8580842859749,31.7463600259398,27.9253296175205,35.8088359232176
"424","Metro","2020-03-22",14.9978359929981,3.0929143442094,36.1182269137199,26.876047783682,24.0988458015323,29.8025187086332
"425","Metro","2020-03-23",29.9684794624388,10.9979037857004,58.2803617133494,22.1203429209975,20.099248770255,24.2368717580011
"426","Metro","2020-03-24",34.8483132687311,14.0108293244723,65.0143774087981,18.8129092330239,17.2921225103338,20.3968747830468
"427","Metro","2020-03-25",49.334117109103,23.6576267518666,84.2863694258321,16.5680513840256,15.3846317817615,17.7946966714554
"428","Metro","2020-03-26",62.7908046658638,33.4334589822315,101.245753249767,14.6480842898227,13.7127134710638,15.6138780951905
"429","Metro","2020-03-27",78.638837847007,45.8100209777559,120.192513814928,13.2259109364039,12.4698585327277,14.0039005931415
"430","Metro","2020-03-28",98.4257580210255,62.3934875255726,142.538746550762,11.8249377920491,11.2107389453109,12.4552858008087
"431","Metro","2020-03-29",98.245838393151,64.1774434591746,139.452152133302,10.4915815830993,9.99004862021881,11.0052250845063
"432","Metro","2020-03-30",110.749781338901,77.1412805825063,150.339955303052,9.29594030321761,8.88314135966811,9.7179826534008
"433","Metro","2020-03-31",120.922164299794,89.1584582166409,157.450826315142,8.37350261848152,8.02799759399031,8.72618477379618
"434","Metro","2020-04-01",204.282322253831,167.249627351982,244.963223140567,7.52273398220979,7.23162947384025,7.81950222346174
"435","Metro","2020-04-02",172.38195223822,142.921769761159,204.561700622749,6.71469870243622,6.46839714818122,6.96553802584051
"436","Metro","2020-04-03",145.62725420583,122.344739918703,170.907728375161,6.01142805524904,5.80121911245397,6.2253257632721
"437","Metro","2020-04-04",120.638439635127,102.50590305673,140.22588838903,5.40479947363677,5.2237643870119,5.58887528635962
"438","Metro","2020-04-05",100.067229709164,85.9821559517368,115.204981654666,4.82877017472075,4.67232905512704,4.9877514179142
"439","Metro","2020-04-06",79.3241992487884,68.6594528351207,90.7475801738047,4.38299790084626,4.24586008922604,4.52228497059499
"440","Metro","2020-04-07",62.6508648785757,54.5918355308244,71.2566247068148,3.98399892579495,3.86297367967628,4.1068648500199
"441","Metro","2020-04-08",49.9704918900405,43.8355526369672,56.5013762360628,3.60399932287668,3.49685198203312,3.71274100339031
"442","Metro","2020-04-09",39.1337944801311,34.4863815310351,44.0707016776567,3.27458593130952,3.17900986430589,3.37155780547306
"443","Metro","2020-04-10",31.0310208241471,27.4651837433872,34.8113352780565,2.95601687871343,2.87061200145658,3.04265621615347
"444","Metro","2020-04-11",24.9699810264745,22.1924140925346,27.9089444128651,2.69111392030458,2.61410063945136,2.76922964788181
"445","Metro","2020-04-12",21.0649567271342,18.8300912042535,23.4233348788254,2.46047251595681,2.39055328914837,2.53138552018472
"446","Metro","2020-04-13",17.5666587847191,15.7642362150322,19.4652365652517,2.28825435773532,2.22394654964093,2.3534659583022
"447","Metro","2020-04-14",14.8325733424557,13.3576060355435,16.383670597438,2.12672494900197,2.06735480665762,2.18692385250338
"448","Metro","2020-04-15",11.2553999457991,10.1037757505092,12.468279200477,2.01114141098766,1.95564041842873,2.06740816474035
"449","Metro","2020-04-16",9.6176904112573,8.65492378286034,10.6304989222824,1.96555138685056,1.91261825631502,2.01919697515899
"450","Metro","2020-04-17",8.66932508107048,7.83638742693504,9.54372578843878,1.93894820018466,1.88807684702889,1.99048638577126
"451","Metro","2020-04-18",7.5900662056268,6.87561254962905,8.33932712996274,1.93856418700182,1.88922331486684,1.98853224759818
"452","Metro","2020-04-19",6.5744679970327,5.96137573264247,7.2171372795934,1.91120155459563,1.86359209766108,1.95940315378828
"453","Metro","2020-04-20",5.90501233632285,5.36608119776555,6.46936181635035,1.88455587640119,1.83854659015203,1.93112584821076
"454","Metro","2020-04-21",5.31475163423192,4.83807523299003,5.81350298416857,1.81299197977231,1.76902736408218,1.8574887186584
"455","Metro","2020-04-22",4.8141770382437,4.38916741097608,5.25854575404284,1.72366997596468,1.68186495869375,1.76598105674824
"456","Metro","2020-04-23",4.43202404374571,4.04823904388946,4.83294042399802,1.66323713436615,1.62314411414135,1.70381249464025
"457","Metro","2020-04-24",4.17279743729501,3.82081057157486,4.54007144938837,1.61140647383687,1.57283191957695,1.65044184688068
"458","Metro","2020-04-25",3.77411961140537,3.45666175122725,4.10532429421797,1.55003219498555,1.51300731868865,1.58749840652493
"459","Metro","2020-04-26",3.47056173808682,3.18080901571649,3.77276409996527,1.49762280999443,1.46196152549876,1.53370783238813
"460","Metro","2020-04-27",3.2893965485736,3.01995926760198,3.57018229337051,1.43103302440565,1.39683273523981,1.46564119574797
"461","Metro","2020-04-28",3.10974522748276,2.85879667783408,3.37110024336059,1.38630877342547,1.35323911795019,1.41977208270924
"462","Metro","2020-04-29",2.86212310797729,2.63095703416905,3.10288395391329,1.35095734673467,1.31884323570959,1.38345238944415
"463","Metro","2020-04-30",2.63330607563605,2.41988005685169,2.8556227316113,1.30403274292856,1.27295582286816,1.33547923365319
"464","Metro","2020-05-01",2.42939668301178,2.23163265707045,2.63543665306876,1.2609059018913,1.23076923071816,1.29140201860533
"465","Metro","2020-05-02",2.26687670954113,2.08217991499931,2.45930972250091,1.19292188030888,1.16398043998374,1.22221377561753
"466","Metro","2020-05-03",2.18861989736734,2.01276256277372,2.37173711491808,1.15318183074491,1.12505015713598,1.18165605641474
"467","Metro","2020-05-04",2.01438224253875,1.85069019283256,2.18491186237502,1.09818404602326,1.07101014009898,1.12569364217808
"468","Metro","2020-05-05",1.89687868787396,1.74246406770942,2.05775518481836,1.07814331176733,1.0514545996613,1.10516185421884
"469","Metro","2020-05-06",1.79202661319348,1.64588994806367,1.94429000341808,1.09994051324251,1.07318261293854,1.12702331615378
"470","Metro","2020-05-07",1.71670835860921,1.57720578355953,1.86203808679149,1.10111966055026,1.07451795488686,1.12804211577308
"471","Metro","2020-05-08",1.58488676079829,1.45401320103969,1.72131932112103,1.12308949781815,1.09637036498312,1.15012582943537
"472","Metro","2020-05-09",1.55292826402278,1.42617764294121,1.68499776109341,1.13756914631122,1.11080918612376,1.16464318335919
"473","Metro","2020-05-10",1.4928202185271,1.37108331642544,1.61966089477337,1.12707327846908,1.10055830010208,1.15389948120356
"474","Metro","2020-05-11",1.36647646527438,1.25228528148751,1.48557878949441,1.14457491030164,1.11796820945928,1.17149015715192
"475","Metro","2020-05-12",1.28600711847453,1.17721978662013,1.3995332632564,1.14161400730585,1.11515277011224,1.16838120716605
"476","Metro","2020-05-13",1.2466419861051,1.14128484448522,1.35658396524635,1.12171678761767,1.09559706214129,1.1481399334696
"477","Metro","2020-05-14",1.20929045020415,1.10708998957327,1.31593837874651,1.10516709967751,1.07934830071399,1.13128681899441
"478","Metro","2020-05-15",1.17604271984523,1.07665211631447,1.2797585144483,1.07797663415586,1.05258169472731,1.10367006737395
"479","Metro","2020-05-16",1.15544397389466,1.05816295442805,1.25694168100374,1.05278151631541,1.02778318069758,1.07807604514871
"480","Metro","2020-05-17",1.10958358697358,1.01536125654962,1.20792669030614,1.02368839971072,0.99912755132778,1.04854332722771
"481","Metro","2020-05-18",1.11244615540884,1.01904889087977,1.20987986215564,1.01842487969723,0.99400503617165,1.04313693576858
"482","Metro","2020-05-19",1.09003225778577,0.998430933019807,1.18559628766719,1.01195248199088,0.9876768667197,1.03651871682554
"483","Metro","2020-05-20",1.04978125006174,0.960637145032228,1.14282403400647,0.981835154355753,0.957979923944791,1.00597967941675
"484","Metro","2020-05-21",1.01667217493911,0.929584899420892,1.10760298637541,0.991228108130312,0.967301353440563,1.01544311404937
"485","Metro","2020-05-22",1.00422467088661,0.918203637999649,1.0940421818198,0.970037967378546,0.94640166945293,0.993961738388548
"486","Metro","2020-05-23",0.977841810263883,0.89341914041806,1.06602119643965,0.966897670681994,0.943321388127048,0.990760899705804
"487","Metro","2020-05-24",0.939718058101107,0.857352686551961,1.0258069557671,0.978332732733622,0.954628470367314,1.0023236526153
"488","Metro","2020-05-25",0.91917667984742,0.838029074557532,1.00402053946695,0.961216066599429,0.937725223695893,0.984993471769626
"489","Metro","2020-05-26",0.874916799550581,0.796022602438142,0.957485266306395,0.964489245835412,0.94095519309694,0.988309934444568
"490","Metro","2020-05-27",0.834137594236388,0.757323906866692,0.914608338431229,0.953571748860016,0.930163135036601,0.9772672192731
"491","Metro","2020-05-28",0.819659451093945,0.743662242581839,0.899300846083472,0.940648843888887,0.917386105446976,0.964198793160065
"492","Metro","2020-05-29",0.775433299539226,0.701653406257487,0.852848455712746,0.948942770504923,0.925557186649363,0.972616057174721
"493","Metro","2020-05-30",0.732163860195216,0.660573997990252,0.807383777409876,0.948384459302157,0.924980970634518,0.972076265980858
"494","Metro","2020-05-31",0.703103716472556,0.633001076973901,0.77683478190528,0.952566575231694,0.929082346448882,0.976339836800399
"495","Metro","2020-06-01",0.682390333366123,0.613337690988158,0.755073297902566,0.942926607790351,0.919530583192572,0.966612453997506
"496","Metro","2020-06-02",0.658464764943746,0.590616388276826,0.729948919857642,0.928057208753926,0.904813600491375,0.951591492169776
"497","Metro","2020-06-03",0.658203652222208,0.590285808465408,0.729766456941955,0.929652520606726,0.906351722635778,0.953244927332211
"498","Metro","2020-06-04",0.63545916607749,0.56864110558957,0.705935252953893,0.901701166041094,0.878715684958974,0.924979276347112
"499","Metro","2020-06-05",0.599647239446329,0.534644092673005,0.668325631127714,0.892648327409935,0.86973509605134,0.915855326637284
"500","Metro","2020-06-06",0.57976887609814,0.515700486115604,0.647534213550246,0.867602660879941,0.844965951804569,0.890534429848707
"501","Metro","2020-06-07",0.556399923657195,0.49345679728038,0.623066454734399,0.852097187547525,0.829608868970081,0.874882054239949
"502","Metro","2020-06-08",0.555167364600058,0.49203830876554,0.622051371899928,0.847138385187078,0.824651285561462,0.86992375949247
"503","Metro","2020-06-09",0.556617385322193,0.493103104123899,0.623923502973662,0.827250346184633,0.804957310060054,0.849843639754189
"504","Metro","2020-06-10",0.544633513020847,0.481487563369838,0.6116137613417,0.839861135222631,0.817313914872952,0.862710871665632
"505","Metro","2020-06-11",0.547401217215953,0.483704500658262,0.614980576978415,0.838804470274263,0.816178529385248,0.861735446737663
"506","Metro","2020-06-12",0.550918617544106,0.486578701312414,0.619195608660503,0.825721500734908,0.803173771279699,0.848577011961727
"507","Metro","2020-06-13",0.563637722567476,0.498051693295934,0.633221558392334,0.834647106780352,0.811868998645279,0.857735956774408
"508","Metro","2020-06-14",0.555934504605624,0.490284717048393,0.625649223630316,0.82670063772393,0.803918187359822,0.849796978909641
"509","Metro","2020-06-15",0.541972981646016,0.47661332379625,0.611471206148836,0.842806135319082,0.819680892143686,0.866248586880976
"510","Metro","2020-06-16",0.52574729292184,0.460805272248291,0.594908052202518,0.868047612805077,0.844449923281127,0.891965958460191
"511","Metro","2020-06-17",0.506999006873958,0.442634796992285,0.575668602623699,0.882488783038098,0.858565602254541,0.906736121351719
"512","Metro","2020-06-18",0.513314830129982,0.44786473156449,0.583163383173759,0.926713955786298,0.902064426326717,0.951691117970316
"513","Metro","2020-06-19",0.54389895305454,0.47573005859419,0.616565607304219,0.963579922690751,0.938314832754625,0.989175981133789
"514","Metro","2020-06-20",0.527454246571226,0.459605713898101,0.599905673621342,1.00829341926216,0.982326411074578,1.03459445895288
"515","Metro","2020-06-21",0.527722403381496,0.459071503754144,0.601087114538422,1.04882377157506,1.02223240659882,1.07575181996582
"516","Metro","2020-06-22",0.550965416152241,0.479934385204038,0.626826766726672,1.10601920797971,1.07862285309658,1.13375435884097
"517","Metro","2020-06-23",0.551781682538192,0.479837027311267,0.628678406530633,1.1547274119263,1.12667149199804,1.18312356866625
"518","Metro","2020-06-24",0.571283722523839,0.497134505842211,0.650511907294549,1.19724679302542,1.16864873257736,1.22618574136304
"519","Metro","2020-06-25",0.566842077657272,0.492074000632772,0.646820819027492,1.2748985230938,1.24539145935406,1.30474625875818
"520","Metro","2020-06-26",0.564736436497211,0.489177193705788,0.645642670690387,1.35562715230241,1.32524715793566,1.38634664271299
"521","Metro","2020-06-27",0.56221206952767,0.48587872630544,0.644033073549136,1.41679982157769,1.38584054564093,1.44809634657002
"522","Metro","2020-06-28",0.574067907355797,0.4959306463462,0.65783757429048,1.47943186011934,1.44795022722736,1.51124735916172
"523","Metro","2020-06-29",0.589195621980356,0.508999304592668,0.675172769248541,1.50613472149881,1.47458375958392,1.53801502153899
"524","Metro","2020-06-30",0.610924335410979,0.528182301375666,0.699598933920121,1.52944736488988,1.49792150975914,1.56129696768615
"525","Metro","2020-07-01",0.639704491677675,0.553907882705802,0.731588323597924,1.58801135685789,1.55620696919567,1.62013299367014
"526","Metro","2020-07-02",0.629836364766855,0.543677336006001,0.72223964881677,1.53635136690872,1.50543036551037,1.56758233711539
"527","Metro","2020-07-03",0.622226749201826,0.535565444000122,0.715291458276866,1.55687955763972,1.52614531155974,1.58791594329316
"528","Metro","2020-07-04",0.655197812890219,0.565114135492302,0.751845892505281,1.56776201347538,1.53733722071841,1.59848078758884
"529","Metro","2020-07-05",0.699802008411566,0.60548731340391,0.800843375297775,1.58194724349953,1.55181897788199,1.61236115123198
"530","Metro","2020-07-06",0.684005946929437,0.589720988238181,0.785180373735093,1.55611511342427,1.52667644010796,1.58583101217808
"531","Metro","2020-07-07",0.711378132196366,0.61406452443979,0.815744407777439,1.55478952184852,1.52580939942741,1.58403849206546
"532","Metro","2020-07-08",0.727805514732797,0.628244708491665,0.834581851370399,1.58222922550068,1.55344298406951,1.61127607100003
"533","Metro","2020-07-09",0.78700150261802,0.68220789003229,0.899172788444644,1.5677942083738,1.53958621340012,1.59625472129934
"534","Metro","2020-07-10",0.828008506422852,0.719299485778305,0.944255787960375,1.58057411220105,1.55269570331865,1.60869713491083
"535","Metro","2020-07-11",0.861662174555547,0.749569371447215,0.981451662638769,1.5897871948708,1.5622695221164,1.61754177182582
"536","Metro","2020-07-12",0.874926206423838,0.760848000745439,0.996856602336301,1.60373877357022,1.57654047460485,1.63116645605239
"537","Metro","2020-07-13",0.870710782666712,0.75586156199215,0.993563963896614,1.60055612841524,1.57382171782252,1.62751257686377
"538","Metro","2020-07-14",0.89102775222108,0.773772773470979,1.01643389922714,1.59003390774788,1.56381995628385,1.61646272546475
"539","Metro","2020-07-15",0.89773284628727,0.779041200564762,1.02471709262421,1.56460942366926,1.53903086746069,1.59039586610106
"540","Metro","2020-07-16",0.952351830551731,0.829021275954288,1.08410966804047,1.58195408253168,1.55665306257003,1.6074562361573
"541","Metro","2020-07-17",1.01181743381617,0.883643079668666,1.14854569650559,1.57864226277697,1.5537793195773,1.60369981858425
"542","Metro","2020-07-18",1.0806496005828,0.947164236707907,1.22280638940297,1.57138717817283,1.54698482818279,1.59597784184871
"543","Metro","2020-07-19",1.14038344845865,1.00231822908839,1.28722754089277,1.53259223471966,1.50888478554526,1.55648191886862
"544","Metro","2020-07-20",1.2044761952271,1.06170589640242,1.35612200816884,1.51388908462591,1.49070604116891,1.53724852940615
"545","Metro","2020-07-21",1.20655160832269,1.06299340454844,1.35907033156669,1.47082385577897,1.4483360937383,1.49348245465794
"546","Metro","2020-07-22",1.28790739729792,1.13885292906311,1.44599534708997,1.43228866405052,1.41044205646476,1.45430084074193
"547","Metro","2020-07-23",1.30124219071106,1.15091395508429,1.46066376910923,1.40596972722912,1.38464991020953,1.42745016937221
"548","Metro","2020-07-24",1.33196138500852,1.17944158525169,1.49362062005916,1.36033856975956,1.33967091897121,1.38116223472327
"549","Metro","2020-07-25",1.40432920731349,1.24733500721187,1.57049433401651,1.32166509709025,1.30157410415576,1.34190783419437
"550","Metro","2020-07-26",1.41646208708261,1.25863860352126,1.58347238900806,1.25323363869837,1.23392526322245,1.27268983467384
"551","Metro","2020-07-27",1.48917478142497,1.32723500608234,1.66030117275777,1.21216674094961,1.19340769505729,1.23107004795978
"552","Metro","2020-07-28",1.57357472665041,1.40712791254082,1.7491912997953,1.1903201878071,1.17193715759065,1.20884429419121
"553","Metro","2020-07-29",1.6545977164639,1.4841075473985,1.83422391027245,1.1655244229105,1.14751703617852,1.18367005947515
"554","Metro","2020-07-30",1.65502365662427,1.48497114075174,1.83416158408004,1.16154148340923,1.1437273745233,1.17949134655858
"555","Metro","2020-07-31",1.63804016411834,1.46949489955541,1.81560374232791,1.12596089412766,1.10856530761111,1.14349002924734
"556","Metro","2020-08-01",1.55689976698776,1.39343422182614,1.7293004670446,1.07350882200511,1.05664844640424,1.09050080158034
"557","Metro","2020-08-02",1.50708659748508,1.34719375173447,1.67581612065743,1.04659172960067,1.0300514308991,1.0632619467509
"558","Metro","2020-08-03",1.46018574583828,1.30385109006346,1.62524409362162,1.01562424535814,0.999420864242154,1.03195611734046
"559","Metro","2020-08-04",1.45266860664339,1.29784883925794,1.61608581060255,1.00506007362807,0.989015091590123,1.0212323715717
"560","Metro","2020-08-05",1.42042668752139,1.26858133722534,1.58073151446524,0.979906208756737,0.964122338536249,0.995816456496753
"561","Metro","2020-08-06",1.39127607251617,1.2423192247285,1.54854492032853,0.953843017147433,0.938315420238296,0.969496273796559
"562","Metro","2020-08-07",1.35681339164914,1.21109899625549,1.51068534978165,0.929320747239905,0.914025640639921,0.944741007313344
"563","Metro","2020-08-08",1.26708587506425,1.12774560386278,1.41442505387862,0.915095457235012,0.899936489275202,0.930379278387613
"564","Metro","2020-08-09",1.27074126744902,1.1325549659241,1.41676668375922,0.910716483224991,0.895600208268316,0.925957508099946
"565","Metro","2020-08-10",1.24101241877453,1.10584502440681,1.38386054551878,0.898555762984366,0.883536596371108,0.913699755828964
"566","Metro","2020-08-11",1.17234490915288,1.04236738707966,1.30984866151675,0.887002514461523,0.872066427935971,0.902063665749768
"567","Metro","2020-08-12",1.08300839449825,0.959428891733603,1.21396565947019,0.884120165911435,0.869185494508301,0.899180289375177
"568","Metro","2020-08-13",1.08530721679098,0.962740910612884,1.21511078599963,0.854938532735731,0.840223130368795,0.86977990788054
"569","Metro","2020-08-14",1.06935855315828,0.948799041229204,1.19702396163315,0.844258316680365,0.829597868642657,0.859045389768696
"570","Metro","2020-08-15",1.06956061710101,0.949991207971375,1.19611475734932,0.858579013077862,0.843748594614603,0.873536842595743
"571","Metro","2020-08-16",1.05629983456242,0.938409917279197,1.18106418480342,0.844213637367421,0.829456501627967,0.859099088089749
"572","Metro","2020-08-17",1.02678203354354,0.911414533250648,1.14892497413135,0.840542948112118,0.825760545352771,0.855454674795343
"573","Metro","2020-08-18",1.02765418363711,0.912961306917196,1.14903506650646,0.831344986781263,0.81658158536553,0.846238818238323
"574","Metro","2020-08-19",1.00899004580688,0.896002843505866,1.12858921929651,0.824183040624786,0.809416575410357,0.839081134312034
"575","Metro","2020-08-20",0.988715630518191,0.877436990042013,1.10654132832392,0.825165183513039,0.810318056003669,0.840145228173982
"576","Metro","2020-08-21",1.00108990141173,0.889547561493331,1.119125059722,0.825962077723757,0.81103156891219,0.841026876739182
"577","Metro","2020-08-22",1.01128356701045,0.899529879247486,1.12948579380027,0.81802909499477,0.803091254977224,0.833102673236317
"578","Metro","2020-08-23",1.00916421832007,0.897826498627198,1.12691537400648,0.810296859183116,0.795347571261316,0.825383403676162
"579","Metro","2020-08-24",0.984719801205015,0.875001432619444,1.10082481581218,0.815722795515731,0.800637105017998,0.830947332136661
"580","Metro","2020-08-25",0.991827881681351,0.881864227318549,1.10815888151385,0.808540401385327,0.793432701226368,0.823788603583966
"581","Metro","2020-08-26",0.989830180042497,0.880088010250347,1.10592687044157,0.801165204911144,0.786035599664939,0.816437031292471
"582","Metro","2020-08-27",0.945124169484459,0.838022671186531,1.05857282104516,0.819657909206645,0.804258586555736,0.835201237834466
"583","Metro","2020-08-28",0.931320044352565,0.825049337144279,1.04393516944443,0.836128443732709,0.820475931053422,0.851926801029054
"584","Metro","2020-08-29",0.924762236953131,0.81886986440371,1.03699999212545,0.854627869636782,0.838701857704343,0.870701592881111
"585","Metro","2020-08-30",0.915267567559898,0.809905798498537,1.02697856559944,0.887517715063689,0.871185147360133,0.903999857435568
"586","Metro","2020-08-31",0.956415493270596,0.848589184938783,1.07059719056891,0.91404232190318,0.897366467441857,0.930869567888508
"587","Metro","2020-09-01",0.960951639257807,0.852797799387875,1.07546868941688,0.960497772706814,0.943304892466334,0.977843767949378
"588","Metro","2020-09-02",0.94888284153882,0.841355410414677,1.06278266797156,0.989392045642071,0.971852317692359,1.00708646161158
"589","Metro","2020-09-03",0.940319551732008,0.833208538061267,1.05381333684387,1.02105796165024,1.00316013115431,1.03911185030982
"590","Metro","2020-09-04",0.871102634362389,0.768042086643335,0.980557268693351,1.04967083176997,1.03145777148129,1.06804107674856
"591","Metro","2020-09-05",0.845730136324464,0.744134251727887,0.9537324615582,1.08064631946424,1.06211545952976,1.09933521717488
"592","Metro","2020-09-06",0.813586872227923,0.713903252926812,0.91969015819304,1.09727468642821,1.0785683676182,1.1161396014909
"593","Metro","2020-09-07",0.79839650272043,0.699573333791487,0.903653474871377,1.09739438123668,1.07867179168021,1.11627582676195
"594","Metro","2020-09-08",0.76622041090507,0.669366214039751,0.869523457884144,1.08780679784939,1.06916747333436,1.10660496206173
"595","Metro","2020-09-09",0.778400982708693,0.680634587619582,0.882632570073552,1.08453461715874,1.06593779569572,1.10329003279343
"596","Metro","2020-09-10",0.79424720052137,0.695325276345237,0.899652228781007,1.07722021632616,1.05871107613499,1.0958875282263
"597","Metro","2020-09-11",0.800127577609558,0.700680182246502,0.906078054281569,1.06832177267854,1.04992145047607,1.08687971750605
"598","Metro","2020-09-12",0.820150078437934,0.719254912313124,0.927571064169445,1.06580000939418,1.04745805085254,1.08429896171008
"599","Metro","2020-09-13",0.809589742942994,0.709174353387762,0.916557007154028,1.05034175868323,1.03217274394687,1.06866709470575
"600","Metro","2020-09-14",0.775075772249213,0.676678854300909,0.880054557679068,1.04871688638222,1.03060146933936,1.06698794267406
"601","Metro","2020-09-15",0.73372628281851,0.637839112431583,0.836229764296983,1.02049450377572,1.00266375251421,1.03848022678621
"602","Metro","2020-09-16",0.713488503097173,0.618709414458276,0.814923187400565,1.00686115961978,0.98918589341239,1.02469077493437
"603","Metro","2020-09-17",0.735926614045886,0.639307001012188,0.83924616647843,0.98704197579017,0.969573310346613,1.00466444137854
"604","Metro","2020-09-18",0.769846606638486,0.670597186369251,0.875845280244165,0.962449640736197,0.945226150414172,0.97982647978293
"605","Metro","2020-09-19",0.754464477895378,0.655867132213634,0.85986513948684,0.935989496301696,0.919023625000493,0.953108387315034
"606","Metro","2020-09-20",0.768250699708901,0.66830970547328,0.875053993105383,0.932865999426759,0.915938556618018,0.949946281066066
"607","Metro","2020-09-21",0.771724598851794,0.671102447099435,0.879272738549193,0.935943664640244,0.918989544915536,0.953050598759028
"608","Metro","2020-09-22",0.805189005570153,0.701843937122361,0.915528433586434,0.937241545863385,0.920269011932737,0.954367013825863
"609","Metro","2020-09-23",0.813555645757296,0.709136728813267,0.925041599975849,0.931127174020589,0.914196993351634,0.948210531299836
"610","Metro","2020-09-24",0.799757367649399,0.695717701300341,0.910940762360814,0.921004547146617,0.904148036835727,0.938014582034317
"611","Metro","2020-09-25",0.827835635877656,0.721347853185707,0.941547628097207,0.923669787932713,0.906764497559954,0.940729047158008
"612","Metro","2020-09-26",0.818115314276487,0.711687480316608,0.931850856562272,0.915423000896473,0.898564957717809,0.932435541586278
"613","Metro","2020-09-27",0.843365166077452,0.734637657133893,0.959486466345029,0.9126164910274,0.89575169905727,0.929636384705178
"614","Metro","2020-09-28",0.861278942520987,0.750734796175563,0.979304679612294,0.913125546745426,0.896219612475326,0.930187256221961
"615","Metro","2020-09-29",0.907470903045514,0.793251182100978,1.02926102984634,0.923129203107793,0.906090669745725,0.940324245717561
"616","Metro","2020-09-30",0.934296841475785,0.817688864686727,1.05856409219878,0.92306628829392,0.905986256650479,0.940303606848283
"617","Metro","2020-10-01",0.936860264463683,0.819440055923742,1.06202781725215,0.93572417833331,0.918483100631165,0.953123348833022
"618","Metro","2020-10-02",0.914225409167543,0.797657292236377,1.03862727375041,0.971504324317814,0.9538901660256,0.989277390729245
"619","Metro","2020-10-03",0.953296250725187,0.833563182607715,1.08094714486498,0.984645308481958,0.966868371615438,1.00258193780703
"620","Metro","2020-10-04",0.958776051050765,0.838098757011035,1.08745175452421,1.00065123136707,0.982689879123795,1.01877299047997
"621","Metro","2020-10-05",0.976450602023826,0.854068388082642,1.10690755159262,1.01477993815815,0.996657113663528,1.0330637856069
"622","Metro","2020-10-06",0.985061194008207,0.861599782298894,1.11666854643603,1.05926558905462,1.0407196178761,1.07797308010924
"623","Metro","2020-10-07",0.992971792660282,0.868518915970933,1.12563602658039,1.09106784193138,1.07222453371465,1.11007301126415
"624","Metro","2020-10-08",1.02195340400711,0.895198031838453,1.15697927449358,1.12641820924045,1.10726229414183,1.14573612942517
"625","Metro","2020-10-09",1.00645042486459,0.88030822067967,1.14091544751695,1.16528301253856,1.14580342323158,1.18492451711151
"626","Metro","2020-10-10",1.0296231183688,0.901651854544508,1.16596270125083,1.18062320065272,1.16103682465711,1.20037113482613
"627","Metro","2020-10-11",1.0166005850362,0.88918622323155,1.15242170182265,1.21921985886562,1.19935361128828,1.23924702922569
"628","Metro","2020-10-12",1.05606963786235,0.925886836622245,1.19469088258593,1.2441779390333,1.22416578049263,1.26435010043085
"629","Metro","2020-10-13",1.04578332817334,0.916072272414212,1.18395773384894,1.2618879594917,1.24180901586698,1.28212570138684
"630","Metro","2020-10-14",1.05256260315227,0.922279502480888,1.19132768069159,1.31578403928886,1.29537413413538,1.33635126856855
"631","Metro","2020-10-15",1.06759705607433,0.936260871199317,1.20742796159102,1.36221467940393,1.34156145633874,1.38302348187895
"632","Metro","2020-10-16",1.1044278989831,0.970715786309209,1.24664209255483,1.39050305392321,1.36977160103926,1.41138805857767
"633","Metro","2020-10-17",1.16760250417935,1.02997844279466,1.31373111866639,1.43954671186957,1.41861002020052,1.46063464762775
"634","Metro","2020-10-18",1.20322989085445,1.0634729503938,1.35148934307611,1.46282516853053,1.44189968135007,1.48389931599157
"635","Metro","2020-10-19",1.22479402144536,1.08380086336887,1.37428359955124,1.48827467113197,1.46736937353602,1.50932578630199
"636","Metro","2020-10-20",1.25025922479984,1.10784324219814,1.40116181055613,1.50259599222194,1.48181161467919,1.52352311631236
"637","Metro","2020-10-21",1.27958715492286,1.13557130792348,1.4320761464775,1.52881917646362,1.50809349604639,1.54968434446041
"638","Metro","2020-10-22",1.32162222968021,1.17533479179707,1.47636557264584,1.54438797037828,1.5238120211557,1.56509999725237
"639","Metro","2020-10-23",1.34053189395289,1.19335274756802,1.49614549266994,1.55006565729712,1.52971972482082,1.57054414164049
"640","Metro","2020-10-24",1.35412367962019,1.2064019721887,1.51025364622812,1.58493302089853,1.56463936506752,1.60535562655003
"641","Metro","2020-10-25",1.40210583256268,1.25198949748799,1.56059886867113,1.60184543699593,1.58173380669867,1.62208236154633
"642","Metro","2020-10-26",1.38697619785159,1.23802248075297,1.54426882538617,1.58929810938664,1.56956214912399,1.6091556710715
"643","Metro","2020-10-27",1.4671442046841,1.31422445646156,1.62835834922809,1.59269589545456,1.57324055515137,1.61226913972912
"644","Metro","2020-10-28",1.51450821188993,1.35954754330626,1.67771126110066,1.5776205170233,1.55856053434616,1.59679473415665
"645","Metro","2020-10-29",1.53372893235487,1.37831480367671,1.69732549120795,1.57332310278358,1.55459140206103,1.5921654284737
"646","Metro","2020-10-30",1.55094354379361,1.39527139741637,1.71472999229723,1.59252063924513,1.57397639239857,1.61117198707907
"647","Metro","2020-10-31",1.54906203439725,1.39420210243958,1.71195982587216,1.57386419545411,1.55572626239107,1.59210579598636
"648","Metro","2020-11-01",1.60411915647165,1.44727083929095,1.76892066705164,1.60247063689346,1.58446410523186,1.62057750113932
"649","Metro","2020-11-02",1.61443999901622,1.45797278988952,1.7787675613701,1.60559768970771,1.58786626077295,1.62342621007338
"650","Metro","2020-11-03",1.64292149781985,1.48603403960661,1.80756865014741,1.63657082598112,1.61896127702426,1.65427431061006
"651","Metro","2020-11-04",1.66851364624419,1.51145629755367,1.8332226280875,1.64283117400607,1.62547920289178,1.66027399635586
"652","Metro","2020-11-05",1.67130531497797,1.51526934042777,1.83487800630678,1.68257276943435,1.66530547422113,1.69992789328291
"653","Metro","2020-11-06",1.70709275899787,1.55059612200543,1.87100504311524,1.71329565103666,1.69616789042393,1.73050826575746
"654","Metro","2020-11-07",1.7818666049784,1.62323659163671,1.94778576695273,1.7540521852536,1.73702370153656,1.77116258163902
"655","Metro","2020-11-08",1.82158564943427,1.66257412744519,1.98775510772644,1.77484221168673,1.75802041590048,1.79174299834203
"656","Metro","2020-11-09",1.90583627460708,1.74461567148027,2.07407970167164,1.80782154079068,1.79115835925349,1.824560806787
"657","Metro","2020-11-10",1.93370585932675,1.77285810816917,2.101438074756,1.86015196555017,1.84357228780481,1.87680483700464
"658","Metro","2020-11-11",1.95462233029956,1.79451754566035,2.12147058915355,1.89319865834992,1.87680366966907,1.90966396097274
"659","Metro","2020-11-12",2.02810425154043,1.86665971336527,2.19614909023566,1.92342697501454,1.9072413362949,1.93968005823337
"660","Metro","2020-11-13",2.0755119380874,1.91392246909944,2.24355656310292,1.94691287838072,1.93097596185902,1.96291438637447
"661","Metro","2020-11-14",2.07819407045688,1.91831314160984,2.24438314254942,1.98469283845912,1.96895695301264,2.00049048951493
"662","Metro","2020-11-15",2.06491851748157,1.90741346173475,2.22858285534301,1.99693853326219,1.9815140196867,2.01242202236332
"663","Metro","2020-11-16",2.1032000944147,1.94613270737209,2.26627603653416,2.00385228629425,1.98876388735824,2.0189969183625
"664","Metro","2020-11-17",2.11778121151811,1.96213652107603,2.27928182035752,1.97701827945543,1.96239216393566,1.991697948814
"665","Metro","2020-11-18",2.15823610539202,2.00313148890448,2.31904218515599,1.94183368615239,1.92769343036353,1.95602490092533
"666","Metro","2020-11-19",2.22211300667464,2.06681800282496,2.38295341605704,1.90772340991556,1.89405382618735,1.92144146535176
"667","Metro","2020-11-20",2.29561246332471,2.13994024738669,2.45667278902877,1.87418468303326,1.8609696306216,1.88744584531751
"668","Metro","2020-11-21",2.33318912272922,2.17850564602462,2.49310265582088,1.82640443061819,1.81367743466936,1.83917531050134
"669","Metro","2020-11-22",2.42055934608685,2.26532051234125,2.58086998842841,1.80756726734516,1.79520988545236,1.81996644966888
"670","Metro","2020-11-23",2.42819285926324,2.27510601903393,2.58619357400765,1.78862567112233,1.77662192555146,1.80066927413321
"671","Metro","2020-11-24",2.46102659263224,2.30933694339564,2.61747297145169,1.75508539555442,1.74346771594674,1.76674112178219
"672","Metro","2020-11-25",2.52117873125317,2.37011759455393,2.67684059316506,1.73210380431905,1.72082084991867,1.74342311877935
"673","Metro","2020-11-26",2.48103815220145,2.33370377014054,2.6328186320489,1.69539343691523,1.68447423894687,1.70634742436804
"674","Metro","2020-11-27",2.52707947563081,2.38090747959529,2.67754452343762,1.63374136680281,1.623250056903,1.64426600468895
"675","Metro","2020-11-28",2.58230395912594,2.43711026116729,2.73163938077622,1.56805812874848,1.55799088622188,1.57815734487531
"676","Metro","2020-11-29",2.60713946408877,2.46385864962289,2.75441254409828,1.50573133722768,1.496060398678,1.51543300297437
"677","Metro","2020-11-30",2.63266580744697,2.4913218057153,2.77785468025456,1.45404835027347,1.44472248943596,1.46340380010873
"678","Metro","2020-12-01",2.64854072029459,2.50943030612067,2.79135089860319,1.42151542937746,1.41245671977984,1.43060269537649
"679","Metro","2020-12-02",2.64036747725527,2.50414174350768,2.78015040005082,1.3910965873631,1.3822829933523,1.39993780389048
"680","Metro","2020-12-03",2.60876630568905,2.47602129943378,2.74492870860576,1.35736511254544,1.34879308717003,1.36596391605051
"681","Metro","2020-12-04",2.58229833735716,2.4528726288758,2.71500468097096,1.33617783127845,1.3277950355621,1.34458664144182
"682","Metro","2020-12-05",2.55863176536211,2.43242301576069,2.68798766097559,1.32134543866128,1.31312080670565,1.32959539314503
"683","Metro","2020-12-06",2.50552375290387,2.38322168054276,2.63084299715766,1.29406398220751,1.28602647694716,1.30212618049855
"684","Metro","2020-12-07",2.46787101187983,2.34903689558501,2.58959609580387,1.27567449007142,1.26778760798666,1.2835854907668
"685","Metro","2020-12-08",2.43811898220265,2.32250438545132,2.5565023703209,1.26105099914148,1.25329526736597,1.26883032414787
"686","Metro","2020-12-09",2.38468541834694,2.27279115960862,2.4992305767128,1.23605399811286,1.22845436357201,1.24367674383091
"687","Metro","2020-12-10",2.35504540041676,2.24623218126472,2.4663961587378,1.22852805201804,1.22102444095193,1.23605433148741
"688","Metro","2020-12-11",2.28501230508589,2.18013995248551,2.39231357887975,1.22882048911478,1.22138366918192,1.23627956978015
"689","Metro","2020-12-12",2.21322820486313,2.1122368326624,2.31654479280554,1.22977959575795,1.22240320027574,1.23717787403928
"690","Metro","2020-12-13",2.16161418296771,2.06393706295914,2.2615178382316,1.22211527561183,1.21482153080258,1.22943054944133
"691","Metro","2020-12-14",2.1033927048079,2.00907866451881,2.19983967645581,1.20939736220553,1.20219811350813,1.21661780609403
"692","Metro","2020-12-15",2.03983366449129,1.94889738590979,2.13281434618464,1.19201766228312,1.18492383642774,1.19913236715325
"693","Metro","2020-12-16",1.9886101365281,1.90066756401513,2.07851361214186,1.17298274254787,1.16599638776237,1.17998967719081
"694","Metro","2020-12-17",1.93576862652085,1.85075155997472,2.02266803522491,1.1643098564474,1.15739714693347,1.17124286412206
"695","Metro","2020-12-18",1.87234228889274,1.79038082868433,1.95611234621634,1.14666434880304,1.13984904067577,1.15349969079379
"696","Metro","2020-12-19",1.80358175620183,1.72468992802892,1.88421310088667,1.11938505451099,1.11269297335696,1.12609692268556
"697","Metro","2020-12-20",1.740148657934,1.6641080395747,1.81786420179303,1.09511423126369,1.08853340698577,1.10171461448226
"698","Metro","2020-12-21",1.69455476437007,1.62087579034574,1.7698483706575,1.06015068159412,1.05371031336025,1.06661040121536
"699","Metro","2020-12-22",1.64297950599158,1.57170239537874,1.71581505108882,1.02534277311493,1.01903940045818,1.03166531262552
"700","Metro","2020-12-23",1.57272876840743,1.5041760427238,1.64278762201897,0.996349896565474,0.990162132802863,1.00255666861771
"701","Metro","2020-12-24",1.49349350617716,1.4277838819174,1.56066064136638,0.961836266845199,0.95577762390007,0.967913787796223
"702","Metro","2020-12-25",1.4368173571599,1.37337467823515,1.50167242321316,0.926390633801739,0.920460586720781,0.93233945894092
"703","Metro","2020-12-26",1.39861508142277,1.33695406851262,1.46164666143516,0.903721153867868,0.897874746813352,0.909586271485265
"704","Metro","2020-12-27",1.35772365304054,1.29783478530106,1.41894439448174,0.881785600218498,0.876015946967942,0.887573929971004
"705","Metro","2020-12-28",1.31925023501946,1.2610136722346,1.37878294420749,0.862270421763457,0.856565184812493,0.86799433449663
"706","Metro","2020-12-29",1.27908753413592,1.22247855176948,1.33695975539251,0.853198933284484,0.847518989238102,0.858897585078154
"707","Metro","2020-12-30",1.22440122210507,1.16968817286381,1.28034728663712,0.852858169478684,0.847169835069804,0.858565274558723
"708","Metro","2020-12-31",1.17847411875652,1.12540735101083,1.23274623410992,0.847053391781668,0.841370819649442,0.852754825312062
"709","Metro","2021-01-01",1.12389627522545,1.0726260407895,1.17634661966915,0.837037989880176,0.831371980040475,0.84272297627
"710","Metro","2021-01-02",1.08006869608995,1.03030455384288,1.13099002004609,0.83643306866367,0.83074873091785,0.842136519992688
"711","Metro","2021-01-03",1.03491804135096,0.986650564998764,1.084321963849,0.837650668200385,0.831939004932813,0.84338160142328
"712","Metro","2021-01-04",0.98016822181209,0.933592396955503,1.02786184199499,0.837116890753983,0.831381544854438,0.842871679444735
"713","Metro","2021-01-05",0.917310590914558,0.87260404346719,0.963118271222775,0.842592398088553,0.83681079139127,0.848393634197162
"714","Metro","2021-01-06",0.870608301002891,0.827357963832033,0.91494501517796,0.851576432016798,0.845734900652904,0.857437790384015
"715","Metro","2021-01-07",0.822855515690514,0.781070640463499,0.865713850172634,0.870832345803096,0.864894571607796,0.876790152317253
"716","Metro","2021-01-08",0.770581499159162,0.730370360943845,0.811854966821842,0.896735212994478,0.890678370315259,0.902812296720036
"717","Metro","2021-01-09",0.710976539907544,0.672541281973645,0.750464754298224,0.91282511960283,0.906683045873199,0.918987640894385
"718","Metro","2021-01-10",0.653954886990388,0.617246564289529,0.691708539144699,0.926169283199964,0.919952412028844,0.932406800989914
"719","Metro","2021-01-11",0.597053813747412,0.562099382995724,0.633047700183609,0.949369361182746,0.943046484148427,0.955713072499966
"720","Metro","2021-01-12",0.548791341065515,0.515365997833602,0.58325204703734,0.961342402649012,0.954953476677943,0.967752335368911
"721","Metro","2021-01-13",0.513777958695072,0.481488176461767,0.547100838906681,0.961239403472189,0.954827414420855,0.967672553735091
"722","Metro","2021-01-14",0.471068989214856,0.440177976648712,0.50299272685888,0.960880845735395,0.954449497805336,0.967333491031719
"723","Metro","2021-01-15",0.440133709457389,0.410268766313122,0.471032986927342,0.963373916150395,0.956916218935293,0.969853030139755
"724","Metro","2021-01-16",0.4049915581319,0.376314778391494,0.434706366577607,0.961745785186371,0.955277824300068,0.968235267586035
"725","Metro","2021-01-17",0.373127404123248,0.345546244228965,0.401752496558402,0.950510863644582,0.944067072881189,0.956976268437917
"726","Metro","2021-01-18",0.349971196910332,0.323172951413288,0.377821627793628,0.937327056276692,0.930915803273904,0.943760007179989
"727","Metro","2021-01-19",0.328857667815753,0.302767039590657,0.356011232105021,0.919167300967513,0.912806937526083,0.925549441983987
"728","Metro","2021-01-20",0.313120212075738,0.287517864070228,0.339798908556731,0.91194971357881,0.905602734225583,0.918318551018324
"729","Metro","2021-01-21",0.318425972663736,0.292412889034459,0.345531660593541,0.898749730860512,0.892436661367807,0.905084743813667
"730","Metro","2021-01-22",0.319934226579509,0.293634207424702,0.347346123313286,0.863246553858523,0.85704651059329,0.86946863406788
"731","Metro","2021-01-23",0.319218464987795,0.292689906358181,0.346881387200324,0.843862445177378,0.837717728246576,0.850029305814285
"732","Metro","2021-01-24",0.317932275577755,0.291164404016409,0.345860412048398,0.828343139837591,0.822238136438275,0.834470412139447
"733","Metro","2021-01-25",0.318484943012448,0.291362092472313,0.346797581093023,0.803015006973439,0.796984443963956,0.80906798605186
"734","Metro","2021-01-26",0.313204931192536,0.285947118216534,0.341685873906402,0.775939332848389,0.769988770477716,0.781912483850202
"735","Metro","2021-01-27",0.304139516026095,0.276890611876145,0.332648907178967,0.769687782989899,0.76373491310621,0.775663443376984
"736","Metro","2021-01-28",0.304545546396144,0.276842691959698,0.333550452101245,0.754879629989036,0.748954403334579,0.760827880219252
"737","Metro","2021-01-29",0.30461536047178,0.276436483605783,0.334142222506252,0.740762288272573,0.734859223561847,0.746688641539815
"738","Metro","2021-01-30",0.305682228842697,0.276942242772285,0.3358206569234,0.725075378532952,0.719198161692801,0.730976181471559
"739","Metro","2021-01-31",0.304684654374401,0.2754469013359,0.335375962349246,0.710817756104171,0.70495812976046,0.716701299471909
"740","Metro","2021-02-01",0.302857084786937,0.273130243420371,0.334097369472003,0.707880387563057,0.70198851600257,0.713796541401488
"741","Metro","2021-02-02",0.308320729176833,0.277701350685771,0.340518324332301,0.705306939007741,0.699377746904911,0.711260812727868
"742","Metro","2021-02-03",0.314114919079789,0.282543928144922,0.347333863229511,0.692490362623962,0.686564314270764,0.698441524634173
"743","Metro","2021-02-04",0.322000672786541,0.289327239556996,0.356396828487836,0.672235361428855,0.66634321614691,0.678153084535071
"744","Metro","2021-02-05",0.316940125011236,0.283809297799607,0.351873510098436,0.676357575821599,0.670390241710573,0.682350985566254
"745","Metro","2021-02-06",0.314938028299488,0.281167425613999,0.350596140680175,0.665130763499855,0.659153388983593,0.671134745255283
"746","Metro","2021-02-07",0.310132114987481,0.275860414473218,0.346381400337709,0.65159291840926,0.645614444884548,0.657598564511701
"747","Metro","2021-02-08",0.302082001001542,0.267491293777247,0.338745485209206,0.636755959825978,0.630781315104219,0.642758377533905
"748","Metro","2021-02-09",0.301787744053092,0.26641341797376,0.339335156821576,0.634179165078228,0.628148720976177,0.640238020098805
"749","Metro","2021-02-10",0.29236483375849,0.256757780465435,0.330250341020873,0.623709606830773,0.617658598971477,0.629789702648229
"750","Metro","2021-02-11",0.278787928455506,0.243241132755756,0.316723581714848,0.607470544629505,0.601425990848761,0.613544903965623
"751","Metro","2021-02-12",0.261852361657686,0.226647606219302,0.299561400030066,0.603215389763387,0.597115870929254,0.609345475225728
"752","Metro","2021-02-13",0.249510327044544,0.21439022459066,0.28725520565884,0.599432570772449,0.593272715536113,0.605623799655291
"753","Metro","2021-02-14",0.236768715333354,0.201815612717363,0.274472211176834,0.597908237128461,0.591673258270348,0.604175443927968
"754","Metro","2021-02-15",0.222177837792293,0.187601126471276,0.259635816322194,0.596070045977599,0.589758388558199,0.602414833395567
